-- phpMyAdmin SQL Dump
-- version 3.3.9
-- http://www.phpmyadmin.net
--
-- Servidor: localhost
-- Tiempo de generación: 27-08-2014 a las 03:01:31
-- Versión del servidor: 5.5.8
-- Versión de PHP: 5.3.5

SET SQL_MODE="NO_AUTO_VALUE_ON_ZERO";


/*!40101 SET @OLD_CHARACTER_SET_CLIENT=@@CHARACTER_SET_CLIENT */;
/*!40101 SET @OLD_CHARACTER_SET_RESULTS=@@CHARACTER_SET_RESULTS */;
/*!40101 SET @OLD_COLLATION_CONNECTION=@@COLLATION_CONNECTION */;
/*!40101 SET NAMES utf8 */;

--
-- Base de datos: `geovanesian`
--

-- --------------------------------------------------------

--
-- Estructura de tabla para la tabla `actualiza`
--

CREATE TABLE IF NOT EXISTS `actualiza` (
  `id_update` varchar(6) NOT NULL,
  `fecha_update` date NOT NULL,
  `cod_mer` varchar(6) NOT NULL,
  `num_cli` int(6) NOT NULL,
  `cat_mer` varchar(20) NOT NULL,
  `nom_user` varchar(20) NOT NULL,
  `porcent_update` decimal(6,2) NOT NULL,
  `uni_update` decimal(8,2) NOT NULL,
  `cat_update` varchar(1) NOT NULL,
  `moneda_update` varchar(10) NOT NULL,
  PRIMARY KEY (`id_update`)
) ENGINE=MyISAM DEFAULT CHARSET=latin1;

--
-- Volcar la base de datos para la tabla `actualiza`
--

INSERT INTO `actualiza` (`id_update`, `fecha_update`, `cod_mer`, `num_cli`, `cat_mer`, `nom_user`, `porcent_update`, `uni_update`, `cat_update`, `moneda_update`) VALUES
('40', '2014-06-23', '3', 1, '', 'Alejandro', 10.00, 0.00, 'E', ''),
('39', '2014-06-23', '1', 2, '', 'Alejandro', 10.00, 0.00, 'E', ''),
('38', '2014-06-23', '4', 1, '', 'Alejandro', 10.00, 0.00, 'E', '');

-- --------------------------------------------------------

--
-- Estructura de tabla para la tabla `alertas`
--

CREATE TABLE IF NOT EXISTS `alertas` (
  `alertas_id` int(6) NOT NULL AUTO_INCREMENT,
  `concepto` varchar(30) NOT NULL,
  `detalle` varchar(60) NOT NULL,
  `hoy` date NOT NULL,
  `vence` date NOT NULL,
  `previo` int(3) NOT NULL,
  `estado` varchar(1) NOT NULL,
  `memo` varchar(120) NOT NULL,
  PRIMARY KEY (`alertas_id`)
) ENGINE=MyISAM  DEFAULT CHARSET=latin1 AUTO_INCREMENT=16 ;

--
-- Volcar la base de datos para la tabla `alertas`
--


-- --------------------------------------------------------

--
-- Estructura de tabla para la tabla `cliente`
--

CREATE TABLE IF NOT EXISTS `cliente` (
  `num_cli` int(4) NOT NULL,
  `raz_cli` varchar(40) NOT NULL,
  `rut_cli` varchar(12) NOT NULL,
  `dir_cli` varchar(40) NOT NULL,
  `dep_cli` varchar(15) NOT NULL,
  `tel_cli` varchar(8) NOT NULL,
  `tel_cli2` varchar(8) NOT NULL,
  `fax_cli` varchar(8) NOT NULL,
  `cel_cli` varchar(9) NOT NULL,
  `mail_cli` varchar(50) NOT NULL,
  `del_cli` varchar(1) NOT NULL,
  `cont_cli` varchar(20) NOT NULL,
  `ent_cli` varchar(40) NOT NULL,
  `pag_cli` varchar(30) NOT NULL,
  `fpag_cli` varchar(40) NOT NULL,
  `com_cli` varchar(120) NOT NULL,
  `plazo_cli` int(2) NOT NULL,
  `cre_cli` varchar(1) NOT NULL DEFAULT 'N',
  `suc_cli` tinyint(1) DEFAULT NULL,
  PRIMARY KEY (`num_cli`)
) ENGINE=MyISAM DEFAULT CHARSET=latin1;

--
-- Volcar la base de datos para la tabla `cliente`
--

INSERT INTO `cliente` (`num_cli`, `raz_cli`, `rut_cli`, `dir_cli`, `dep_cli`, `tel_cli`, `tel_cli2`, `fax_cli`, `cel_cli`, `mail_cli`, `del_cli`, `cont_cli`, `ent_cli`, `pag_cli`, `fpag_cli`, `com_cli`, `plazo_cli`, `cre_cli`, `suc_cli`) VALUES
(1, 'Alejandro', '111111111111', '11111', 'ARTIGAS', '22222222', '22222222', '22222222', '222222222', ' ', '', 'Juan', 'De mañana', '', '60 días fecha entrega', '																					\r\n															', 60, 'N', 0),
(2, 'Daniela', '444444444444', 'sdsdfsdf', 'CANELONES', '45454444', '45454544', '', '', ' ', '', '', '', '', '', '							\r\n					', 0, 'N', 0),
(3, 'Danilo', '555555555555', 'San JUan 121', 'ARTIGAS', '22222222', '', '', '', ' ', '', '', '', '', '', '							\r\n					', 0, 'N', 1);

-- --------------------------------------------------------

--
-- Estructura de tabla para la tabla `compralinea`
--

CREATE TABLE IF NOT EXISTS `compralinea` (
  `cod_mov` int(11) NOT NULL,
  `id_compralinea` int(11) NOT NULL,
  `id_insumo` int(3) NOT NULL,
  `cant_compra` decimal(6,2) NOT NULL,
  `prec_compra` decimal(6,2) NOT NULL,
  `unid_compra` varchar(20) COLLATE latin1_spanish_ci NOT NULL,
  PRIMARY KEY (`id_compralinea`)
) ENGINE=MyISAM DEFAULT CHARSET=latin1 COLLATE=latin1_spanish_ci;

--
-- Volcar la base de datos para la tabla `compralinea`
--


-- --------------------------------------------------------

--
-- Estructura de tabla para la tabla `contadores`
--

CREATE TABLE IF NOT EXISTS `contadores` (
  `id_mov` int(11) NOT NULL,
  `num_pro` int(4) NOT NULL,
  `num_cli` int(4) NOT NULL,
  `cod_mer` int(3) NOT NULL,
  `id_foro` int(8) NOT NULL,
  `id_partforo` int(8) NOT NULL,
  `num_prod` int(11) NOT NULL,
  `id_pedido` int(11) NOT NULL,
  `id_insumo` int(3) NOT NULL,
  `id_pedidolinea` int(11) NOT NULL,
  `id_rubro` int(2) NOT NULL,
  `id_fac` int(6) NOT NULL,
  `id_faclinea` int(11) NOT NULL,
  `id_pre` int(3) NOT NULL,
  `id_lin` int(8) NOT NULL,
  `id_numfac` int(6) NOT NULL,
  `id_recibo` int(6) NOT NULL,
  `id_update` int(6) NOT NULL
) ENGINE=MyISAM DEFAULT CHARSET=latin1;

--
-- Volcar la base de datos para la tabla `contadores`
--

INSERT INTO `contadores` (`id_mov`, `num_pro`, `num_cli`, `cod_mer`, `id_foro`, `id_partforo`, `num_prod`, `id_pedido`, `id_insumo`, `id_pedidolinea`, `id_rubro`, `id_fac`, `id_faclinea`, `id_pre`, `id_lin`, `id_numfac`, `id_recibo`, `id_update`) VALUES
(0, 0, 3, 4, 0, 0, 0, 39, 0, 96, 0, 40, 142, 17, 0, 0, 0, 40);

-- --------------------------------------------------------

--
-- Estructura de tabla para la tabla `factura`
--

CREATE TABLE IF NOT EXISTS `factura` (
  `id_fac` int(6) NOT NULL,
  `id_pedido` int(11) NOT NULL,
  `ser_fac` varchar(1) COLLATE latin1_spanish_ci NOT NULL,
  `num_fac` int(6) NOT NULL,
  `fec_fac` date NOT NULL,
  `num_cli` int(4) NOT NULL,
  `tip_fac` varchar(20) COLLATE latin1_spanish_ci NOT NULL,
  `nul_fac` varchar(1) COLLATE latin1_spanish_ci NOT NULL,
  `sub_fac` decimal(8,2) NOT NULL,
  `iva_fac` decimal(8,2) NOT NULL,
  `tot_fac` decimal(8,2) NOT NULL,
  `pla_fac` int(3) NOT NULL,
  `memo_fac` varchar(120) COLLATE latin1_spanish_ci NOT NULL,
  `sucursal_id` int(4) NOT NULL,
  `moneda_fac` varchar(10) COLLATE latin1_spanish_ci NOT NULL DEFAULT 'PESO',
  PRIMARY KEY (`id_fac`)
) ENGINE=MyISAM DEFAULT CHARSET=latin1 COLLATE=latin1_spanish_ci;

--
-- Volcar la base de datos para la tabla `factura`
--


-- --------------------------------------------------------

--
-- Estructura de tabla para la tabla `facturalinea`
--

CREATE TABLE IF NOT EXISTS `facturalinea` (
  `id_faclinea` int(8) NOT NULL,
  `id_fac` int(6) NOT NULL,
  `cod_mer` int(6) NOT NULL,
  `uni_mer` varchar(15) COLLATE latin1_spanish_ci NOT NULL,
  `des_mer` varchar(45) COLLATE latin1_spanish_ci NOT NULL,
  `uni_lin` decimal(6,2) NOT NULL,
  `cant_lin` decimal(8,2) NOT NULL,
  `des_lin` int(2) NOT NULL,
  `iva_lin` int(2) NOT NULL,
  `nul_lin` varchar(1) COLLATE latin1_spanish_ci NOT NULL,
  `moneda_lin` varchar(10) COLLATE latin1_spanish_ci NOT NULL,
  PRIMARY KEY (`id_faclinea`)
) ENGINE=MyISAM DEFAULT CHARSET=latin1 COLLATE=latin1_spanish_ci;

--
-- Volcar la base de datos para la tabla `facturalinea`
--

INSERT INTO `facturalinea` (`id_faclinea`, `id_fac`, `cod_mer`, `uni_mer`, `des_mer`, `uni_lin`, `cant_lin`, `des_lin`, `iva_lin`, `nul_lin`, `moneda_lin`) VALUES
(116, 41, 3, ' spray', 'Pintura azul brillante', 100.00, 0.00, 0, 22, 'N', ''),
(142, 41, 1, 'spray', 'pintura blanca mate', 100.00, 322.00, 0, 22, 'N', ''),
(140, 41, 1, 'spray', 'pintura blanca mate', 100.00, 322.00, 0, 22, 'N', ''),
(138, 41, 4, 'spray alto', 'Pinturaq gris topo', 32.00, 12.00, 2, 22, 'N', '');

-- --------------------------------------------------------

--
-- Estructura de tabla para la tabla `foro`
--

CREATE TABLE IF NOT EXISTS `foro` (
  `cod_foro` int(2) NOT NULL,
  `tem_foro` varchar(50) NOT NULL,
  `est_foro` varchar(8) NOT NULL,
  `fec_foro` date NOT NULL,
  PRIMARY KEY (`cod_foro`)
) ENGINE=MyISAM DEFAULT CHARSET=latin1;

--
-- Volcar la base de datos para la tabla `foro`
--


-- --------------------------------------------------------

--
-- Estructura de tabla para la tabla `insumo`
--

CREATE TABLE IF NOT EXISTS `insumo` (
  `id_insumo` int(6) NOT NULL,
  `des_insumo` varchar(40) NOT NULL,
  `det_insumo` varchar(40) NOT NULL,
  `cat_insumo` varchar(15) NOT NULL,
  `uni_insumo` varchar(12) NOT NULL,
  `stock_insumo` decimal(10,2) NOT NULL,
  `fecha_insumo` date NOT NULL,
  `iva_insumo` int(2) NOT NULL,
  PRIMARY KEY (`id_insumo`)
) ENGINE=MyISAM DEFAULT CHARSET=latin1;

--
-- Volcar la base de datos para la tabla `insumo`
--


-- --------------------------------------------------------

--
-- Estructura de tabla para la tabla `mercaderia`
--

CREATE TABLE IF NOT EXISTS `mercaderia` (
  `cod_mer` int(6) NOT NULL,
  `des_mer` varchar(45) NOT NULL,
  `uni_mer` varchar(15) NOT NULL,
  `cat_mer` varchar(20) NOT NULL,
  `iva_mer` varchar(10) NOT NULL,
  `stock_mer` int(5) NOT NULL,
  `peso_mer` varchar(20) NOT NULL,
  `del_mer` int(1) NOT NULL,
  `fecha_mer` date NOT NULL,
  `min_mer` int(4) NOT NULL,
  `precio_mer` decimal(6,2) NOT NULL,
  PRIMARY KEY (`cod_mer`)
) ENGINE=MyISAM DEFAULT CHARSET=latin1;

--
-- Volcar la base de datos para la tabla `mercaderia`
--

INSERT INTO `mercaderia` (`cod_mer`, `des_mer`, `uni_mer`, `cat_mer`, `iva_mer`, `stock_mer`, `peso_mer`, `del_mer`, `fecha_mer`, `min_mer`, `precio_mer`) VALUES
(3, 'Pintura azul brillante', ' spray', '', 'BASICO', 12, 'colo12312312', 0, '2014-06-10', 32, 100.00),
(1, 'pintura blanca mate', 'spray', '', 'EXENTO', 12, 'aweaweqwaweaw', 0, '2014-06-00', 1, 100.00),
(2, 'pintura negra', ' spray alto', '', 'BASICO', 12, '3123123', 0, '2014-05-12', 12, 100.00),
(4, 'Pinturaq gris topo', 'spray alto', '', 'BASICO', 123, 'c23456', 0, '2014-06-15', 12, 100.00);

-- --------------------------------------------------------

--
-- Estructura de tabla para la tabla `moneda`
--

CREATE TABLE IF NOT EXISTS `moneda` (
  `moneda_id` int(11) NOT NULL AUTO_INCREMENT,
  `moneda_nombre` varchar(10) NOT NULL,
  PRIMARY KEY (`moneda_id`)
) ENGINE=InnoDB  DEFAULT CHARSET=latin1 AUTO_INCREMENT=3 ;

--
-- Volcar la base de datos para la tabla `moneda`
--

INSERT INTO `moneda` (`moneda_id`, `moneda_nombre`) VALUES
(1, 'DOLAR'),
(2, 'PESO');

-- --------------------------------------------------------

--
-- Estructura de tabla para la tabla `movimiento`
--

CREATE TABLE IF NOT EXISTS `movimiento` (
  `cod_mov` int(6) NOT NULL,
  `fec_mov` date NOT NULL,
  `tip_mov` varchar(20) NOT NULL,
  `num_mov` varchar(12) NOT NULL,
  `rut_pro` varchar(12) NOT NULL,
  `val_mov` decimal(12,2) NOT NULL,
  `val_iva` decimal(4,2) NOT NULL,
  `mon_mov` varchar(5) NOT NULL,
  `rub_mov` varchar(25) NOT NULL,
  PRIMARY KEY (`cod_mov`)
) ENGINE=MyISAM DEFAULT CHARSET=latin1;

--
-- Volcar la base de datos para la tabla `movimiento`
--


-- --------------------------------------------------------

--
-- Estructura de tabla para la tabla `parforo`
--

CREATE TABLE IF NOT EXISTS `parforo` (
  `id_part` int(6) NOT NULL,
  `cod_user` int(6) NOT NULL,
  `fec_part` date NOT NULL,
  `time_part` time NOT NULL,
  `cod_foro` int(2) NOT NULL,
  `opin_foro` varchar(250) NOT NULL,
  PRIMARY KEY (`id_part`)
) ENGINE=MyISAM DEFAULT CHARSET=latin1;

--
-- Volcar la base de datos para la tabla `parforo`
--


-- --------------------------------------------------------

--
-- Estructura de tabla para la tabla `partida`
--

CREATE TABLE IF NOT EXISTS `partida` (
  `id_partida` int(9) NOT NULL AUTO_INCREMENT,
  `cod_mer` int(6) NOT NULL,
  `fec_partida` date NOT NULL,
  `id_insumo` int(3) NOT NULL,
  `cant_partida` double(9,2) NOT NULL,
  PRIMARY KEY (`id_partida`)
) ENGINE=MyISAM DEFAULT CHARSET=latin1 AUTO_INCREMENT=1 ;

--
-- Volcar la base de datos para la tabla `partida`
--


-- --------------------------------------------------------

--
-- Estructura de tabla para la tabla `pedido`
--

CREATE TABLE IF NOT EXISTS `pedido` (
  `id_pedido` int(11) NOT NULL,
  `num_cli` int(4) NOT NULL,
  `fec_pedido` date NOT NULL,
  `fec_factura` date NOT NULL,
  `est_pedido` varchar(10) NOT NULL,
  `mem_pedido` varchar(60) NOT NULL,
  `ent_pedido` date NOT NULL,
  `tip_pedido` varchar(25) NOT NULL,
  PRIMARY KEY (`id_pedido`)
) ENGINE=MyISAM DEFAULT CHARSET=latin1;

--
-- Volcar la base de datos para la tabla `pedido`
--

INSERT INTO `pedido` (`id_pedido`, `num_cli`, `fec_pedido`, `fec_factura`, `est_pedido`, `mem_pedido`, `ent_pedido`, `tip_pedido`) VALUES
(39, 1, '2014-08-25', '0000-00-00', 'PENDIENTE', '						', '0000-00-00', 'Alejandro');

-- --------------------------------------------------------

--
-- Estructura de tabla para la tabla `pedidolinea`
--

CREATE TABLE IF NOT EXISTS `pedidolinea` (
  `id_pedido` int(11) NOT NULL,
  `id_pedidolinea` int(11) NOT NULL,
  `cod_mer` int(6) NOT NULL,
  `cant_pedido` int(4) NOT NULL,
  PRIMARY KEY (`id_pedidolinea`)
) ENGINE=MyISAM DEFAULT CHARSET=latin1;

--
-- Volcar la base de datos para la tabla `pedidolinea`
--


-- --------------------------------------------------------

--
-- Estructura de tabla para la tabla `precio`
--

CREATE TABLE IF NOT EXISTS `precio` (
  `id_pre` int(3) NOT NULL,
  `num_cli` int(6) NOT NULL,
  `fec_pre` date NOT NULL,
  `val_pre` decimal(8,2) NOT NULL,
  `cod_mer` int(6) NOT NULL,
  `moneda_pre` varchar(10) COLLATE latin1_spanish_ci NOT NULL,
  PRIMARY KEY (`id_pre`)
) ENGINE=MyISAM DEFAULT CHARSET=latin1 COLLATE=latin1_spanish_ci;

--
-- Volcar la base de datos para la tabla `precio`
--

INSERT INTO `precio` (`id_pre`, `num_cli`, `fec_pre`, `val_pre`, `cod_mer`, `moneda_pre`) VALUES
(17, 1, '2014-06-23', 500.00, 2, 'DOLAR'),
(16, 1, '2014-06-23', 528.00, 4, 'PESO'),
(15, 2, '2014-06-23', 528.00, 1, 'PESO');

-- --------------------------------------------------------

--
-- Estructura de tabla para la tabla `produccion`
--

CREATE TABLE IF NOT EXISTS `produccion` (
  `num_prod` int(11) NOT NULL,
  `fec_prod` date NOT NULL,
  `can_prod` int(4) NOT NULL,
  `cod_mer` int(6) NOT NULL,
  `lot_prod` decimal(5,2) NOT NULL,
  `lot_esca` decimal(6,2) NOT NULL,
  PRIMARY KEY (`num_prod`)
) ENGINE=MyISAM DEFAULT CHARSET=latin1;

--
-- Volcar la base de datos para la tabla `produccion`
--

INSERT INTO `produccion` (`num_prod`, `fec_prod`, `can_prod`, `cod_mer`, `lot_prod`, `lot_esca`) VALUES
(13, '2011-02-14', 45, 15, 3.00, 0.00),
(14, '2011-02-14', 30, 17, 3.00, 0.00),
(15, '2011-02-14', 55, 3, 2.00, 0.00),
(16, '2011-02-14', 60, 5, 2.00, 0.00),
(17, '2011-02-14', 147, 8, 1.00, 0.00),
(18, '2011-02-14', 47, 10, 2.00, 0.00),
(20, '2011-02-15', 283, 2, 4.00, 0.00),
(21, '2011-02-16', 52, 3, 2.00, 0.00),
(22, '2011-02-16', 55, 5, 2.00, 0.00),
(23, '2011-02-16', -66, 15, 4.00, 0.00),
(24, '2011-02-16', 16, 17, 1.00, 0.00),
(25, '2011-02-17', 4, 18, 1.00, 0.00),
(26, '2011-02-17', 23, 16, 1.00, 0.00),
(27, '2011-02-19', 98, 15, 8.00, 0.00),
(28, '2011-02-18', 6, 19, 2.00, 0.00),
(29, '2011-02-18', 72, 8, 1.00, 0.00),
(30, '2011-02-21', 428, 2, 6.00, 0.00),
(31, '2011-02-22', 263, 2, 1.00, 0.00),
(32, '2011-02-22', 103, 8, 3.00, 0.00),
(33, '2011-02-22', 53, 3, 2.00, 0.00),
(34, '2011-02-22', 50, 9, 2.00, 0.00),
(35, '2011-02-22', 50, 9, 2.00, 0.00),
(36, '2011-02-22', 49, 14, 2.00, 0.00),
(43, '2011-03-01', 66, 15, 4.00, 0.00),
(38, '2011-02-25', 96, 15, 6.00, 0.00),
(39, '2011-02-28', 36, 2, 0.50, 0.00),
(44, '2011-03-01', 15, 17, 1.00, 0.00),
(45, '2011-03-01', 57, 3, 2.00, 0.00),
(46, '2011-03-01', 25, 28, 1.00, 0.00),
(47, '2011-03-01', 59, 5, 2.00, 0.00),
(48, '2011-03-01', 49, 10, 1.00, 0.00),
(49, '2011-03-01', 50, 9, 2.00, 0.00),
(50, '2011-03-01', 29, 13, 1.00, 0.00),
(51, '2011-03-01', 71, 23, 2.00, 0.00),
(52, '2011-02-28', 16, 15, 1.00, 0.00),
(53, '2011-03-02', 286, 2, 4.00, 0.00),
(54, '2011-03-02', 53, 3, 2.00, 0.00),
(55, '2011-03-03', 69, 11, 2.00, 0.00),
(56, '2011-03-03', 60, 14, 2.00, 0.00),
(57, '2011-03-03', 79, 15, 5.00, 0.00),
(58, '2011-03-03', 43, 16, 2.00, 0.00),
(59, '2011-03-04', 139, 2, 2.00, 0.00),
(60, '2011-03-04', 48, 15, 3.00, 0.00),
(61, '2011-03-04', 36, 16, 2.00, 0.00),
(62, '2011-03-04', 3, 18, 1.00, 0.00),
(63, '2011-03-07', 6, 22, 1.00, 0.00),
(64, '2011-03-07', 34, 21, 1.00, 0.00),
(65, '2011-03-14', 81, 3, 3.00, 0.00),
(66, '2011-03-14', 28, 5, 1.00, 0.00),
(67, '2011-03-14', 23, 12, 1.00, 0.00),
(68, '2011-03-14', 44, 13, 2.00, 0.00),
(69, '2011-03-14', 206, 2, 3.00, 0.00),
(70, '2011-03-15', 237, 2, 3.00, 0.00),
(72, '2011-03-15', 54, 3, 2.00, 0.00),
(73, '2011-03-15', 58, 5, 2.00, 0.00),
(74, '2011-03-16', 376, 2, 5.00, 0.00),
(75, '2011-03-17', 101, 31, 6.00, 0.00),
(76, '2011-03-18', 234, 8, 3.00, 0.00),
(77, '2011-03-18', 50, 9, 2.00, 0.00),
(78, '2011-03-18', 23, 6, 1.00, 0.00),
(79, '2011-03-18', 31, 15, 2.00, 0.00),
(80, '2011-03-21', 223, 2, 3.00, 0.00),
(81, '2011-03-21', 37, 15, 5.00, 0.00),
(82, '2011-03-21', 25, 28, 1.00, 0.00),
(83, '2011-03-21', 56, 3, 2.00, 0.00),
(84, '2011-03-22', 83, 16, 5.00, 0.00),
(85, '2011-03-22', 8, 18, 2.00, 0.00),
(91, '2011-03-22', 25, 11, 1.00, 0.00),
(90, '2011-03-22', 23, 10, 1.00, 0.00),
(88, '2011-03-22', 28, 12, 1.00, 0.00),
(89, '2011-03-22', 93, 15, 6.00, 0.00),
(92, '2011-03-23', 94, 15, 6.00, 0.00),
(93, '2011-03-24', 46, 15, 3.00, 0.00),
(94, '2011-03-25', 35, 33, 2.00, 0.00),
(95, '2011-03-25', 64, 2, 1.00, 0.00),
(96, '2011-03-28', 142, 2, 2.00, 0.00),
(97, '2011-03-28', 96, 15, 6.00, 0.00),
(98, '2011-03-28', 36, 3, 1.00, 0.00),
(99, '2011-03-28', 31, 5, 1.00, 0.00),
(100, '2011-03-29', 1000, 34, 3.00, 0.00),
(101, '2011-03-29', 46, 13, 1.00, 0.00),
(102, '2011-03-29', 77, 15, 5.00, 0.00),
(103, '2011-03-29', 26, 3, 1.00, 0.00),
(104, '2011-03-30', 214, 2, 3.00, 0.00),
(105, '2011-03-30', 62, 15, 4.00, 0.00),
(106, '2011-03-30', 26, 5, 1.00, 0.00),
(107, '2011-03-30', 106, 21, 1.00, 0.00),
(108, '2011-03-30', 10, 22, 1.00, 0.00),
(109, '2011-04-04', 55, 3, 2.00, 0.00),
(110, '2011-04-04', 24, 9, 1.00, 0.00),
(111, '2011-04-04', 28, 11, 1.00, 0.00),
(112, '2011-04-04', 31, 17, 2.00, 0.00),
(113, '2011-04-05', 1380, 34, 4.00, 0.00),
(114, '2011-04-05', 5, 27, 1.00, 0.00),
(115, '2011-04-07', 1140, 35, 3.00, 0.00),
(116, '2011-04-06', 53, 3, 2.00, 0.00),
(117, '2011-04-06', 49, 10, 2.00, 0.00),
(118, '2011-04-09', 61, 2, 1.00, 0.00),
(119, '2011-04-08', 48, 15, 3.00, 0.00),
(120, '2011-04-08', 6, 18, 1.00, 0.00),
(121, '2011-04-08', 17, 17, 1.00, 0.00),
(122, '2011-04-08', 25, 16, 2.00, 0.00),
(123, '2011-07-04', 26, 5, 1.00, 0.00),
(124, '2011-04-11', 218, 2, 3.00, 0.00),
(125, '2011-04-11', 36, 16, 2.00, 0.00),
(126, '2011-04-11', 54, 3, 2.00, 0.00),
(127, '2011-04-11', 24, 9, 1.00, 0.00),
(128, '2011-04-12', 419, 2, 6.00, 0.00),
(129, '2011-04-12', 95, 15, 6.00, 0.00),
(130, '2011-04-12', 27, 5, 1.00, 0.00),
(131, '2011-04-12', 54, 8, 1.00, 0.00),
(133, '2011-04-13', 291, 2, 4.00, 0.00),
(134, '2011-04-13', 61, 15, 4.00, 0.00),
(135, '2011-04-13', 50, 9, 2.00, 0.00),
(136, '2011-04-13', 50, 14, 2.00, 0.00),
(137, '2011-04-14', 433, 2, 6.00, 0.00),
(138, '2011-04-14', 49, 10, 2.00, 0.00),
(139, '2011-04-14', 53, 11, 2.00, 0.00),
(140, '2011-04-15', 221, 2, 3.00, 0.00),
(141, '2011-04-15', 62, 16, 3.00, 0.00),
(142, '2011-04-15', 25, 3, 1.00, 0.00),
(143, '2011-04-18', 215, 2, 3.00, 0.00),
(144, '2011-04-18', 283, 8, 3.00, 0.00),
(145, '2011-04-18', 63, 15, 4.00, 0.00),
(146, '2011-04-18', 31, 17, 2.00, 0.00),
(147, '2011-04-19', 369, 2, 5.00, 0.00),
(148, '2011-04-19', 39, 16, 2.00, 0.00),
(149, '2011-04-19', 26, 3, 1.00, 0.00),
(150, '2011-04-19', 30, 5, 1.00, 0.00),
(151, '2011-04-09', 30, 5, 1.00, 0.00),
(152, '2011-04-19', 6, 19, 2.00, 0.00),
(153, '2011-04-19', 6, 20, 2.00, 0.00),
(154, '2011-04-20', -19, 2, 0.00, 0.00),
(155, '2011-04-20', 299, 2, 4.00, 0.00),
(156, '2011-04-20', 94, 15, 6.00, 0.00),
(161, '2011-04-21', 25, 3, 1.00, 0.00),
(162, '2011-04-21', 30, 5, 1.00, 0.00),
(163, '2011-04-25', 64, 15, 4.00, 0.00),
(164, '2011-04-25', 32, 17, 2.00, 0.00),
(165, '2011-04-25', 61, 23, 2.00, 0.00),
(166, '2011-04-25', 46, 16, 3.00, 0.00),
(167, '2011-04-25', 25, 28, 1.00, 0.00),
(168, '2011-04-25', 50, 9, 2.00, 0.00),
(169, '2011-04-25', 26, 12, 1.00, 0.00),
(170, '2011-04-25', -12, 2, 0.00, 0.00),
(171, '2011-04-27', 82, 3, 3.00, 0.00),
(172, '2011-04-27', 89, 5, 3.00, 0.00),
(173, '2011-04-27', 46, 15, 3.00, 0.00),
(174, '2011-04-27', 48, 17, 3.00, 0.00),
(175, '2011-04-27', 44, 13, 2.00, 0.00),
(176, '2011-04-28', 81, 11, 3.00, 0.00),
(177, '2011-04-28', 87, 12, 3.00, 0.00),
(178, '2011-04-28', 213, 2, 4.00, 0.00),
(179, '2011-04-28', 89, 13, 4.00, 0.00),
(180, '2011-04-29', 453, 2, 6.00, 0.00),
(181, '2011-04-29', 51, 10, 2.00, 0.00),
(182, '2011-05-02', 6, 18, 2.00, 0.00),
(183, '2011-05-02', 126, 16, 7.00, 0.00),
(184, '2011-05-02', 84, 3, 3.00, 0.00),
(185, '2011-05-02', 31, 5, 1.00, 0.00),
(186, '2011-05-02', -10, 2, 0.00, 0.00),
(188, '2011-05-02', -2, 2, 0.00, 0.00),
(189, '2011-05-04', 49, 15, 3.00, 0.00),
(190, '2011-05-04', 47, 17, 3.00, 0.00),
(191, '2011-05-04', 289, 2, 4.00, 0.00),
(192, '2011-05-05', -4, 2, 0.00, 0.00),
(193, '2011-05-06', 640, 35, 2.00, 0.00),
(194, '2011-05-06', 69, 31, 4.00, 0.00),
(195, '2011-05-09', -1, 8, 0.00, 0.00),
(196, '2011-05-09', 54, 3, 2.00, 0.00),
(197, '2011-05-09', 25, 28, 1.00, 0.00),
(198, '2011-05-09', 49, 9, 2.00, 0.00),
(200, '2011-05-09', 66, 2, 1.00, 0.00),
(201, '2011-05-10', -2, 2, 0.00, 0.00),
(203, '2011-05-09', -6, 2, 0.00, 0.00),
(204, '2011-05-10', 270, 2, 4.00, 0.00),
(205, '2011-05-10', 52, 16, 3.00, 0.00),
(206, '2011-05-10', 62, 15, 4.00, 0.00),
(207, '2011-05-10', 31, 17, 2.00, 0.00),
(208, '2011-05-11', -1, 2, 0.00, 0.00),
(209, '2011-05-11', -2, 2, 0.00, 0.00),
(210, '2011-05-11', 456, 2, 6.00, 0.00),
(211, '2011-05-11', 53, 3, 2.00, 0.00),
(212, '2011-05-13', -1, 2, 0.00, 0.00),
(213, '2011-05-12', 37, 36, 3.00, 0.00),
(214, '2011-05-12', 37, 36, 3.00, 0.00),
(215, '2011-05-12', 10, 37, 0.00, 0.00),
(216, '2011-05-12', 14, 15, 1.00, 0.00),
(217, '2011-05-13', 24, 36, 2.00, 0.00),
(218, '2011-05-13', 17, 37, 0.00, 0.00),
(219, '2011-05-13', 1260, 34, 4.00, 0.00),
(220, '2011-05-13', 56, 5, 2.00, 0.00),
(221, '2011-05-13', 47, 15, 3.00, 0.00),
(222, '2011-05-17', -2, 2, 0.00, 0.00),
(223, '2011-05-16', 250, 2, 3.00, 0.00),
(224, '2011-05-16', 137, 8, 1.00, 0.00),
(225, '2011-05-17', 52, 3, 2.00, 0.00),
(226, '2011-05-17', 29, 5, 1.00, 0.00),
(227, '2011-05-18', 62, 15, 4.00, 0.00),
(228, '2011-05-18', 49, 16, 3.00, 0.00),
(229, '2011-05-18', 25, 28, 1.00, 0.00),
(230, '2011-05-18', 25, 9, 1.00, 0.00),
(231, '2011-05-18', 2, 28, 0.00, 0.00),
(232, '2011-05-19', 380, 2, 5.00, 0.00),
(233, '2011-05-19', 59, 15, 4.00, 0.00),
(234, '2011-05-19', 4, 19, 1.00, 0.00),
(235, '2011-05-19', 49, 9, 2.00, 0.00),
(236, '2011-05-20', 295, 2, 4.00, 0.00),
(237, '2011-05-20', 47, 16, 3.00, 0.00),
(238, '2011-05-20', 62, 15, 4.00, 0.00),
(239, '2011-05-20', 16, 17, 1.00, 0.00),
(240, '2011-05-23', -1, 2, 0.00, 0.00),
(241, '2011-05-24', 54, 3, 2.00, 0.00),
(242, '2011-05-24', 29, 5, 1.00, 0.00),
(243, '2011-05-24', 31, 15, 2.00, 0.00),
(244, '2011-05-24', 30, 17, 2.00, 0.00),
(245, '2011-05-24', 74, 14, 1.00, 0.00),
(246, '2011-05-26', -1, 2, 0.00, 0.00),
(247, '2011-05-25', 291, 2, 4.00, 0.00),
(248, '2011-05-25', 31, 15, 2.00, 0.00),
(249, '2011-05-27', 46, 15, 3.00, 0.00),
(250, '2011-05-27', 247, 2, 3.00, 0.00),
(251, '2011-05-27', 147, 8, 1.00, 0.00),
(252, '2011-05-27', 54, 3, 2.00, 0.00),
(253, '2011-05-27', 49, 16, 1.00, 0.00),
(254, '2011-05-31', 357, 2, 5.00, 0.00),
(255, '2011-05-31', 28, 3, 1.00, 0.00),
(256, '2011-05-31', 29, 5, 1.00, 0.00),
(257, '2011-05-31', 96, 15, 6.00, 0.00),
(258, '2011-05-31', 48, 16, 1.00, 0.00),
(259, '2011-06-02', 215, 0, 3.00, 0.00),
(260, '2011-06-02', 53, 16, 3.00, 0.00),
(261, '2011-06-02', 45, 17, 3.00, 0.00),
(262, '2011-06-02', 31, 20, 2.00, 0.00),
(263, '2011-06-02', 25, 28, 1.00, 0.00),
(264, '2011-06-02', 27, 5, 1.00, 0.00),
(265, '2011-06-02', 55, 9, 2.00, 0.00),
(266, '2011-03-15', 25, 30, 1.00, 0.00),
(267, '2011-06-03', 220, 2, 3.00, 0.00),
(268, '2011-06-03', 60, 0, 4.00, 0.00),
(269, '2011-06-03', 27, 12, 1.00, 0.00),
(270, '2011-06-07', 15, 17, 1.00, 0.00),
(271, '2011-06-07', 128, 15, 8.00, 0.00),
(272, '2011-06-07', 27, 3, 1.00, 0.00),
(273, '2011-06-07', 28, 5, 1.00, 0.00),
(274, '2011-06-07', 49, 14, 2.00, 0.00),
(275, '2011-06-07', 47, 9, 2.00, 0.00),
(276, '2011-06-08', 272, 8, 1.00, 0.00),
(277, '2011-06-08', 427, 2, 6.00, 0.00),
(278, '2011-06-08', 48, 15, 3.00, 0.00),
(279, '2011-06-08', 31, 17, 2.00, 0.00),
(280, '2011-06-08', 27, 11, 1.00, 0.00),
(281, '2011-06-08', 5, 27, 1.00, 0.00),
(282, '2011-06-08', 18, 39, 0.00, 0.00),
(283, '2011-06-08', -1, 15, 0.00, 0.00),
(284, '2011-06-11', 55, 3, 2.00, 0.00),
(285, '2011-06-10', 57, 5, 2.00, 0.00),
(286, '2011-06-11', 70, 14, 3.00, 0.00),
(287, '2011-06-14', -3, 2, 0.00, 0.00),
(288, '2011-06-14', -1, 2, 0.00, 0.00),
(289, '2011-06-09', 100, 31, 6.00, 0.00),
(291, '2011-06-13', 32, 15, 2.00, 0.00),
(292, '2011-06-13', 30, 17, 2.00, 0.00),
(293, '2011-06-13', 57, 3, 2.00, 0.00),
(294, '2011-06-13', 50, 28, 2.00, 0.00),
(295, '2011-06-13', 214, 2, 3.00, 0.00),
(296, '2011-06-13', 45, 10, 2.00, 0.00),
(298, '2011-06-15', 517, 2, 7.00, 0.00),
(299, '2011-06-14', 6, 19, 2.00, 0.00),
(300, '2011-06-14', 3, 20, 1.00, 0.00),
(301, '2011-06-14', 42, 18, 1.00, 0.00),
(302, '2011-06-14', 21, 10, 1.00, 0.00),
(303, '2011-06-16', 365, 2, 5.00, 0.00),
(304, '2011-06-16', 52, 16, 3.00, 0.00),
(305, '2011-06-16', 33, 15, 2.00, 0.00),
(306, '2011-06-16', 52, 3, 2.00, 0.00),
(307, '2011-06-16', 56, 5, 2.00, 0.00),
(308, '2011-06-16', 25, 9, 1.00, 0.00),
(309, '2011-06-18', -1, 5, 0.00, 0.00),
(310, '2011-06-17', 112, 16, 6.00, 0.00),
(311, '2011-06-17', 97, 15, 6.00, 0.00),
(312, '2011-06-17', 280, 8, 1.00, 0.00),
(313, '2011-06-17', 152, 2, 2.00, 0.00),
(314, '2011-06-17', 54, 3, 2.00, 0.00),
(315, '2011-06-17', -1, 15, 0.00, 0.00),
(316, '2011-06-22', 54, 3, 2.00, 0.00),
(317, '2011-06-22', 300, 2, 4.00, 0.00),
(318, '2011-06-22', 50, 15, 3.00, 0.00),
(319, '2011-06-22', 24, 9, 1.00, 0.00),
(320, '2011-06-22', 28, 11, 1.00, 0.00),
(321, '2011-06-23', 149, 2, 2.00, 0.00),
(322, '2011-06-23', 79, 15, 5.00, 0.00),
(323, '2011-06-28', -1, 2, 0.00, 0.00),
(324, '2011-06-27', 218, 2, 3.00, 0.00),
(325, '2011-06-27', 58, 16, 3.00, 0.00),
(326, '2011-06-28', 26, 5, 1.00, 0.00),
(327, '2011-06-28', 26, 9, 1.00, 0.00),
(328, '2011-06-29', 306, 2, 4.00, 0.00),
(329, '2011-06-29', 57, 0, 1.00, 0.00),
(330, '2011-06-29', 57, 16, 1.00, 0.00),
(331, '2011-06-29', 15, 15, 1.00, 0.00),
(332, '2011-06-30', 226, 2, 3.00, 0.00),
(333, '2011-06-30', 81, 15, 5.00, 0.00),
(334, '2011-06-30', 27, 9, 1.00, 0.00),
(335, '2011-06-30', 56, 11, 2.00, 0.00),
(336, '2011-06-30', 22, 13, 1.00, 0.00),
(337, '2011-07-01', 64, 15, 4.00, 0.00),
(338, '2011-07-01', 16, 0, 1.00, 0.00),
(339, '2011-07-01', 16, 17, 1.00, 0.00),
(340, '2011-07-04', 3, 19, 1.00, 0.00),
(341, '2011-07-04', 30, 17, 2.00, 0.00),
(342, '2011-07-04', 80, 23, 2.00, 0.00),
(343, '2011-07-06', 54, 3, 2.00, 0.00),
(344, '2011-07-06', 31, 15, 2.00, 0.00),
(346, '2011-07-06', 82, 8, 1.00, 0.00),
(347, '2011-07-06', 16, 16, 1.00, 0.00),
(349, '2011-07-07', 16, 15, 1.00, 0.00),
(350, '2011-07-07', 15, 17, 1.00, 0.00),
(351, '2011-07-07', 140, 2, 2.00, 0.00),
(352, '2011-07-07', 53, 16, 1.00, 0.00),
(353, '2011-07-08', 28, 3, 1.00, 0.00),
(354, '2011-07-08', 31, 15, 2.00, 0.00),
(355, '2011-07-08', 16, 17, 1.00, 0.00),
(356, '2011-07-11', 85, 3, 3.00, 0.00),
(357, '2011-07-11', 56, 5, 2.00, 0.00),
(358, '2011-07-11', 70, 10, 3.00, 0.00),
(359, '2011-07-11', 76, 9, 3.00, 0.00),
(360, '2011-07-11', 88, 11, 3.00, 0.00),
(361, '2011-07-11', 139, 2, 3.00, 0.00),
(362, '2011-07-12', 355, 2, 5.00, 0.00),
(363, '2011-07-12', 46, 15, 3.00, 0.00),
(364, '2011-07-12', 16, 17, 1.00, 0.00),
(365, '2011-07-12', 3, 18, 1.00, 0.00),
(366, '2011-07-13', 57, 0, 1.00, 0.00),
(367, '2011-07-13', 57, 16, 1.00, 0.00),
(368, '2011-07-13', 147, 2, 2.00, 0.00),
(369, '2011-07-13', 261, 8, 1.00, 0.00),
(370, '2011-07-13', 47, 15, 3.00, 0.00),
(371, '2011-07-13', 46, 17, 3.00, 0.00),
(372, '2011-07-14', 49, 2, 1.00, 0.00),
(373, '2011-07-15', -1, 2, 0.00, 0.00),
(374, '2011-07-19', -1, 15, 0.00, 0.00),
(375, '2011-07-15', 26, 28, 1.00, 0.00),
(376, '2011-07-15', 52, 12, 2.00, 0.00),
(377, '2011-07-15', 62, 15, 4.00, 0.00),
(378, '2011-07-15', 61, 17, 4.00, 0.00),
(379, '2011-07-15', 23, 2, 1.00, 0.00),
(380, '2011-07-11', 28, 16, 1.00, 0.00),
(382, '2011-07-20', 28, 16, 2.00, 0.00),
(383, '2011-07-20', 234, 2, 3.00, 0.00),
(384, '2011-07-20', 27, 3, 1.00, 0.00),
(385, '2011-07-20', 29, 5, 1.00, 0.00),
(386, '2011-07-21', 157, 15, 10.00, 0.00),
(387, '2011-07-21', 146, 2, 2.00, 0.00),
(388, '2011-07-21', 26, 3, 1.00, 0.00),
(389, '2011-07-21', 29, 5, 1.00, 0.00),
(390, '2011-07-22', 13, 19, 4.00, 0.00),
(391, '2011-07-22', 66, 15, 4.00, 0.00),
(392, '2011-07-22', 6, 20, 2.00, 0.00),
(394, '2011-07-22', 5, 18, 2.00, 0.00),
(395, '2011-07-22', 74, 16, 4.00, 0.00),
(396, '2011-07-25', 332, 2, 4.00, 0.00),
(397, '2011-07-25', 139, 8, 1.00, 0.00),
(398, '2011-07-25', 32, 15, 2.00, 0.00),
(399, '2011-07-25', 46, 17, 3.00, 0.00),
(400, '2011-07-26', 517, 2, 7.00, 0.00),
(401, '2011-07-27', 488, 2, 7.00, 0.00),
(402, '2011-07-27', 54, 3, 2.00, 0.00),
(403, '2011-07-27', 29, 5, 1.00, 0.00),
(404, '2011-07-27', 24, 16, 2.00, 0.00),
(405, '2011-07-27', 15, 15, 1.00, 0.00),
(406, '2011-07-27', 15, 17, 1.00, 0.00),
(407, '2011-07-28', 95, 15, 6.00, 0.00),
(408, '2011-07-28', 52, 16, 3.00, 0.00),
(409, '2011-07-28', 26, 9, 1.00, 0.00),
(410, '2011-07-28', 23, 13, 1.00, 0.00),
(411, '2011-07-28', 26, 3, 1.00, 0.00),
(412, '2011-07-29', 52, 16, 3.00, 0.00),
(413, '2011-07-29', 75, 2, 1.00, 0.00),
(414, '2011-07-29', 15, 17, 1.00, 0.00),
(415, '2011-08-02', -2, 8, 0.00, 0.00),
(416, '2011-08-02', -1, 2, 0.00, 0.00),
(417, '2011-08-01', 216, 2, 3.00, 0.00),
(418, '2011-08-01', 25, 28, 1.00, 0.00),
(419, '2011-08-02', 62, 2, 1.00, 0.00),
(420, '2011-08-02', 29, 17, 2.00, 0.00),
(421, '2011-08-02', 25, 9, 1.00, 0.00),
(422, '2011-08-02', -1, 3, 0.00, 0.00),
(423, '2011-08-02', -3, 2, 0.00, 0.00),
(424, '2011-08-05', -1, 8, 0.00, 0.00),
(425, '2011-08-03', 224, 2, 3.00, 0.00),
(426, '2011-08-03', 55, 16, 3.00, 0.00),
(427, '2011-08-03', 47, 15, 3.00, 0.00),
(428, '2011-08-03', 30, 17, 2.00, 0.00),
(429, '2011-08-03', 27, 3, 1.00, 0.00),
(430, '2011-08-03', 26, 5, 1.00, 0.00),
(431, '2011-08-08', 299, 2, 4.00, 0.00),
(432, '2011-08-08', 54, 3, 2.00, 0.00),
(433, '2011-08-09', 270, 2, 3.00, 0.00),
(434, '2011-08-09', 28, 3, 1.00, 0.00),
(435, '2011-08-09', 30, 5, 1.00, 0.00),
(436, '2011-08-09', 49, 9, 2.00, 0.00),
(437, '2011-08-09', 49, 16, 1.00, 0.00),
(438, '2011-08-09', 113, 8, 1.00, 0.00),
(440, '2011-08-10', 212, 2, 4.00, 0.00),
(441, '2011-08-10', 51, 9, 2.00, 0.00),
(442, '2011-08-12', 30, 15, 2.00, 0.00),
(443, '2011-08-11', 414, 2, 6.00, 0.00),
(444, '2011-08-11', 101, 8, 1.00, 0.00),
(445, '2011-08-11', 79, 15, 5.00, 0.00),
(446, '2011-08-11', 30, 17, 2.00, 0.00),
(447, '2011-08-11', 72, 13, 3.00, 0.00),
(448, '2011-08-12', 25, 28, 1.00, 0.00),
(449, '2011-08-12', 32, 23, 1.00, 0.00),
(450, '2011-08-12', 31, 15, 2.00, 0.00),
(451, '2011-08-12', 29, 17, 2.00, 0.00),
(452, '2011-08-16', -2, 8, 0.00, 0.00),
(453, '2011-08-16', 76, 2, 1.00, 0.00),
(454, '2011-08-16', 260, 8, 1.00, 0.00),
(455, '2011-08-16', 53, 3, 2.00, 0.00),
(456, '2011-08-16', 30, 5, 1.00, 0.00),
(457, '2011-08-16', 46, 16, 3.00, 0.00),
(458, '2011-08-17', 5, 18, 1.00, 0.00),
(459, '2011-08-17', 78, 16, 5.00, 0.00),
(460, '2011-08-17', 220, 2, 3.00, 0.00),
(461, '2011-08-17', 54, 3, 2.00, 0.00),
(462, '2011-08-17', 47, 15, 3.00, 0.00),
(463, '2011-08-17', 28, 11, 1.00, 0.00),
(464, '2011-08-18', -2, 2, 0.00, 0.00),
(465, '2011-08-18', 301, 2, 4.00, 0.00),
(466, '2011-08-18', 62, 15, 4.00, 0.00),
(467, '2011-08-18', 5, 20, 1.00, 0.00),
(468, '2011-08-18', 50, 17, 4.00, 0.00),
(469, '2011-08-18', 27, 5, 1.00, 0.00),
(470, '2011-08-18', -1, 2, 0.00, 0.00),
(471, '2011-08-19', 288, 2, 4.00, 0.00),
(472, '2011-08-19', 79, 9, 3.00, 0.00),
(473, '2011-08-19', 85, 11, 3.00, 0.00),
(474, '2011-08-19', 64, 15, 4.00, 0.00),
(475, '2011-08-19', 55, 3, 2.00, 0.00),
(476, '2011-08-23', 81, 3, 3.00, 0.00),
(477, '2011-08-23', 86, 5, 3.00, 0.00),
(483, '2011-08-30', -2, 2, 0.00, 0.00),
(479, '2011-08-23', 91, 12, 3.00, 0.00),
(480, '2011-08-23', 70, 10, 3.00, 0.00),
(481, '2011-08-23', 97, 16, 6.00, 0.00),
(482, '2011-08-23', 23, 14, 1.00, 0.00),
(484, '2011-08-30', -1, 8, 0.00, 0.00),
(485, '2011-08-29', -3, 2, 0.00, 0.00),
(486, '2011-08-24', 415, 2, 7.00, 0.00),
(487, '2011-08-24', 78, 15, 5.00, 0.00),
(488, '2011-08-24', 78, 15, 5.00, 0.00),
(489, '2011-08-24', 17, 46, 1.00, 0.00),
(490, '2011-08-26', 45, 17, 3.00, 0.00),
(491, '2011-08-26', 48, 15, 3.00, 0.00),
(492, '2011-08-26', 80, 9, 3.00, 0.00),
(493, '2011-08-26', 76, 14, 3.00, 0.00),
(494, '2011-08-26', 25, 28, 1.00, 0.00),
(495, '2011-08-24', 71, 10, 3.00, 0.00),
(496, '2011-08-26', 113, 2, 2.00, 0.00),
(497, '2011-08-26', 119, 8, 1.00, 0.00),
(498, '2011-08-29', 136, 2, 2.00, 0.00),
(499, '2011-08-30', 516, 2, 7.00, 0.00),
(500, '2011-08-31', -2, 2, 0.00, 0.00),
(501, '2011-08-31', 301, 2, 4.00, 0.00),
(502, '2011-08-31', 100, 16, 2.00, 0.00),
(503, '2011-08-31', 86, 14, 1.00, 0.00),
(504, '2011-08-31', 25, 28, 1.00, 0.00),
(505, '2011-09-01', 445, 2, 6.00, 0.00),
(506, '2011-09-01', 26, 3, 1.00, 0.00),
(507, '2011-09-01', 27, 5, 1.00, 0.00),
(508, '2011-09-05', 54, 3, 2.00, 0.00),
(509, '2011-09-06', 51, 16, 1.00, 0.00),
(510, '2011-09-06', 300, 2, 4.00, 0.00),
(511, '2011-09-06', -300, 2, 4.00, 0.00),
(512, '2011-09-06', -1, 6, 0.00, 0.00),
(513, '2011-09-12', -1, 2, 0.00, 0.00),
(514, '2011-09-07', 167, 14, 6.00, 0.00),
(515, '2011-09-07', 55, 3, 2.00, 0.00),
(516, '2011-09-07', 28, 5, 1.00, 0.00),
(517, '2011-09-07', 50, 15, 3.00, 0.00),
(518, '2011-09-07', 90, 17, 6.00, 0.00),
(519, '2011-09-08', 289, 2, 4.00, 0.00),
(520, '2011-09-08', 26, 3, 1.00, 0.00),
(521, '2011-09-08', 30, 5, 1.00, 0.00),
(522, '2011-09-09', 6, 19, 2.00, 0.00),
(523, '2011-09-09', 50, 15, 3.00, 0.00),
(524, '2011-09-09', 277, 2, 3.00, 0.00),
(525, '2011-09-09', 94, 8, 1.00, 0.00),
(526, '2011-09-09', 6, 18, 2.00, 0.00),
(527, '2011-09-09', 19, 16, 1.00, 0.00),
(528, '2011-09-12', 442, 2, 6.00, 0.00),
(529, '2011-09-12', 30, 3, 1.00, 0.00),
(530, '2011-09-13', 223, 2, 3.00, 0.00),
(531, '2011-09-13', 53, 16, 3.00, 0.00),
(532, '2011-09-13', 31, 15, 2.00, 0.00),
(533, '2011-09-13', 46, 17, 3.00, 0.00),
(534, '2011-09-13', 31, 5, 1.00, 0.00),
(535, '2011-09-19', 139, 3, 5.00, 0.00),
(536, '2011-09-19', 109, 2, 1.00, 0.00),
(537, '2011-09-19', 117, 8, 1.00, 0.00),
(538, '2011-09-19', 64, 23, 2.00, 0.00),
(539, '2011-09-20', 46, 16, 3.00, 0.00),
(540, '2011-09-20', 85, 11, 3.00, 0.00),
(541, '2011-09-21', 64, 15, 4.00, 0.00),
(542, '2011-09-21', 30, 6, 1.00, 0.00),
(543, '2011-09-21', 216, 2, 3.00, 0.00),
(544, '2011-09-17', -4, 2, 0.00, 0.00),
(545, '2011-09-14', 81, 3, 3.00, 0.00),
(546, '2011-09-14', 86, 5, 3.00, 0.00),
(547, '2011-09-14', 81, 9, 3.00, 0.00),
(548, '2011-09-16', 25, 28, 1.00, 0.00),
(549, '2011-09-16', 14, 15, 1.00, 0.00),
(550, '2011-09-22', 46, 15, 3.00, 0.00),
(551, '2011-09-22', 45, 17, 3.00, 0.00),
(552, '2011-09-22', 66, 13, 3.00, 0.00),
(553, '2011-09-22', 141, 2, 2.00, 0.00),
(554, '2011-09-20', -7, 2, 0.00, 0.00),
(555, '2011-09-23', 303, 2, 4.00, 0.00),
(556, '2011-09-23', 50, 28, 3.00, 0.00),
(557, '2011-09-26', 289, 2, 4.00, 0.00),
(558, '2011-09-26', 53, 16, 3.00, 0.00),
(559, '2011-09-26', 55, 3, 2.00, 0.00),
(560, '2011-09-26', 29, 5, 1.00, 0.00),
(561, '2011-09-28', 62, 15, 4.00, 0.00),
(562, '2011-09-28', 46, 17, 3.00, 0.00),
(563, '2011-09-28', 20, 21, 1.00, 0.00),
(564, '2011-09-28', 4, 22, 1.00, 0.00),
(565, '2011-09-28', 55, 3, 2.00, 0.00),
(566, '2011-09-28', 26, 5, 1.00, 0.00),
(567, '2011-09-28', 30, 9, 1.00, 0.00),
(568, '2011-09-30', 56, 16, 3.00, 0.00),
(569, '2011-09-30', 293, 2, 3.00, 0.00),
(570, '2011-09-30', 26, 8, 1.00, 0.00),
(571, '2011-09-30', 3, 20, 1.00, 0.00),
(572, '2011-10-03', 367, 2, 5.00, 0.00),
(573, '2011-10-03', 48, 15, 3.00, 0.00),
(574, '2011-10-03', 15, 17, 1.00, 0.00),
(575, '2011-10-03', 49, 16, 1.00, 0.00),
(576, '2011-10-04', 83, 3, 3.00, 0.00),
(577, '2011-10-04', 56, 5, 2.00, 0.00),
(578, '2011-10-04', 74, 9, 3.00, 0.00),
(579, '2011-10-04', 83, 11, 3.00, 0.00),
(580, '2011-10-04', 29, 5, 1.00, 0.00),
(581, '2011-10-04', 31, 15, 2.00, 0.00),
(582, '2011-10-05', 291, 2, 4.00, 0.00),
(583, '2011-10-04', 30, 15, 2.00, 0.00),
(584, '2011-10-05', 30, 15, 2.00, 0.00),
(585, '2011-10-04', 16, 0, 0.00, 0.00),
(586, '2011-10-05', 16, 16, 1.00, 0.00),
(588, '2011-10-06', 48, 16, 3.00, 0.00),
(589, '2011-10-06', 45, 15, 3.00, 0.00),
(590, '2011-10-04', 73, 2, 1.00, 0.00),
(591, '2011-10-06', 5, 27, 1.00, 0.00),
(592, '2011-10-06', 11, 26, 1.00, 0.00),
(593, '2011-10-10', 49, 15, 3.00, 0.00),
(594, '2011-10-10', 54, 3, 2.00, 0.00),
(595, '2011-10-10', 15, 17, 1.00, 0.00),
(596, '2011-10-10', 363, 2, 5.00, 0.00),
(597, '2011-10-11', 55, 12, 2.00, 0.00),
(598, '2011-10-11', 98, 16, 6.00, 0.00),
(599, '2011-10-11', 151, 2, 2.00, 0.00),
(600, '2011-10-12', 46, 3, 2.00, 0.00),
(601, '2011-10-12', 25, 28, 1.00, 0.00),
(602, '2011-10-12', 159, 9, 2.00, 0.00),
(603, '2011-10-12', 364, 2, 5.00, 0.00),
(604, '2011-10-13', 81, 14, 1.00, 0.00),
(605, '2011-10-14', 14, 15, 1.00, 0.00),
(606, '2011-10-17', 6, 19, 2.00, 0.00),
(607, '2011-10-17', 78, 15, 5.00, 0.00),
(608, '2011-10-17', 61, 17, 4.00, 0.00),
(609, '2011-10-17', 71, 13, 3.00, 0.00),
(610, '2011-10-17', 90, 16, 6.00, 0.00),
(611, '2011-10-18', 89, 16, 6.00, 0.00),
(612, '2011-10-18', 47, 15, 3.00, 0.00),
(613, '2011-10-18', 3, 18, 1.00, 0.00),
(614, '2011-10-18', 59, 17, 4.00, 0.00),
(615, '2011-10-18', 54, 3, 2.00, 0.00),
(616, '2011-10-19', 3, 19, 1.00, 0.00),
(617, '2011-10-19', 62, 15, 4.00, 0.00),
(618, '2011-10-19', 32, 23, 1.00, 0.00),
(619, '2011-10-19', 121, 2, 1.00, 0.00),
(620, '2011-10-19', 102, 8, 1.00, 0.00),
(621, '2011-10-19', 27, 5, 1.00, 0.00),
(622, '2011-10-25', 54, 48, 4.00, 0.00),
(623, '2011-10-25', 9, 49, 1.00, 0.00),
(624, '2011-10-25', 54, 29, 4.00, 0.00),
(958, '2012-04-10', 44, 17, 3.00, 1.00),
(626, '2011-10-26', 95, 16, 6.00, 0.00),
(627, '2011-10-26', 85, 3, 3.00, 0.00),
(628, '2011-10-26', 25, 28, 1.00, 0.00),
(629, '2011-10-26', 55, 5, 2.00, 0.00),
(630, '2011-10-24', 270, 8, 1.00, 0.00),
(631, '2011-10-27', 73, 0, 1.00, 0.00),
(632, '2011-10-27', 46, 29, 3.00, 0.00),
(633, '2011-10-27', 94, 16, 6.00, 0.00),
(634, '2011-10-27', 72, 2, 1.00, 0.00),
(635, '2011-10-24', 45, 16, 3.00, 0.00),
(636, '2011-10-24', 73, 2, 1.00, 0.00),
(637, '2011-10-24', 270, 8, 1.00, 0.00),
(638, '2011-10-31', 154, 15, 10.00, 0.00),
(639, '2011-10-31', 7, 18, 1.00, 0.00),
(640, '2011-10-31', 10, 16, 1.00, 0.00),
(641, '2011-10-31', 73, 2, 1.00, 0.00),
(642, '2011-10-28', 77, 15, 5.00, 0.00),
(643, '2011-10-28', 31, 17, 2.00, 0.00),
(644, '2011-10-28', 84, 3, 3.00, 0.00),
(645, '2011-10-28', 82, 5, 3.00, 0.00),
(646, '2011-10-28', 59, 10, 2.00, 0.00),
(647, '2011-10-28', 70, 2, 1.00, 0.00),
(648, '2011-10-28', 266, 8, 1.00, 0.00),
(649, '2011-11-01', 368, 2, 5.00, 0.00),
(650, '2011-11-01', 48, 16, 3.00, 0.00),
(651, '2011-11-01', 13, 52, 1.00, 0.00),
(652, '2011-11-03', 61, 15, 4.00, 0.00),
(653, '2011-11-03', 104, 16, 6.00, 0.00),
(654, '2011-11-04', 62, 36, 5.00, 0.00),
(655, '2011-11-04', 17, 47, 1.00, 0.00),
(656, '2011-11-04', 31, 17, 2.00, 0.00),
(657, '2011-11-04', 105, 21, 1.00, 0.00),
(658, '2011-11-08', 59, 15, 4.00, 0.00),
(659, '2011-11-08', 46, 17, 3.00, 0.00),
(660, '2011-11-08', 46, 16, 3.00, 0.00),
(661, '2011-11-08', 294, 2, 4.00, 0.00),
(662, '2011-11-08', 24, 3, 1.00, 0.00),
(663, '2011-11-09', 49, 16, 3.00, 0.00),
(664, '2011-11-09', 261, 8, 1.00, 0.00),
(665, '2011-11-09', 62, 15, 4.00, 0.00),
(666, '2011-11-09', 99, 3, 3.00, 0.00),
(667, '2011-11-09', 87, 5, 3.00, 0.00),
(668, '2011-11-09', 26, 28, 1.00, 0.00),
(669, '2011-11-09', 29, 6, 1.00, 0.00),
(670, '2011-11-10', 361, 2, 5.00, 0.00),
(671, '2011-11-10', 60, 16, 3.00, 0.00),
(675, '2011-11-14', 139, 2, 2.00, 3.00),
(676, '2011-11-14', 76, 15, 5.00, 1.00),
(677, '2011-11-14', 48, 16, 1.00, 3.00),
(678, '2011-11-15', 96, 16, 2.00, 3.00),
(679, '2011-11-15', 156, 2, 2.00, 3.00),
(680, '2011-11-15', 91, 12, 1.00, 3.00),
(681, '2011-11-15', 78, 15, 5.00, 1.00),
(682, '2011-11-15', 30, 17, 2.00, 1.00),
(683, '2011-11-15', 45, 21, 1.00, 1.00),
(684, '2011-11-16', 224, 2, 3.00, 3.00),
(685, '2011-11-16', 47, 16, 1.00, 3.00),
(686, '2011-11-16', 85, 3, 1.00, 3.00),
(687, '2011-11-16', 56, 5, 1.00, 2.00),
(688, '2011-11-16', 45, 17, 3.00, 1.00),
(689, '2011-11-16', 82, 9, 3.00, 1.00),
(690, '2011-11-18', 920, 50, 3.00, 3.00),
(691, '2011-11-21', 92, 16, 2.00, 3.00),
(692, '2011-11-11', 222, 2, 3.00, 3.00),
(693, '2011-11-11', 62, 15, 4.00, 1.00),
(694, '2011-11-21', 55, 3, 2.00, 1.00),
(695, '2011-11-11', 69, 23, 2.00, 1.00),
(696, '2011-11-22', 150, 2, 2.00, 3.00),
(697, '2011-11-22', 110, 15, 7.00, 1.00),
(698, '2011-11-22', 50, 16, 1.00, 3.00),
(699, '2011-11-23', 860, 38, 3.00, 3.00),
(700, '2011-11-23', 77, 9, 1.00, 3.00),
(701, '2011-11-23', 154, 2, 2.00, 3.00),
(702, '2011-11-25', 54, 16, 1.00, 3.00),
(703, '2011-11-24', 26, 28, 1.00, 1.00),
(704, '2011-11-24', 53, 11, 2.00, 1.00),
(705, '2011-11-24', 301, 2, 4.00, 3.00),
(706, '2011-11-24', 112, 16, 2.00, 3.00),
(714, '2011-11-28', 50, 28, 1.80, 1.00),
(715, '2011-11-28', 5, 3, 0.20, 1.00),
(709, '2011-11-28', 77, 2, 1.00, 3.00),
(710, '2011-11-28', 282, 8, 1.00, 3.00),
(711, '2011-11-30', 2420, 40, 7.00, 3.00),
(712, '2011-11-30', 62, 15, 4.00, 1.00),
(713, '2011-12-01', 155, 15, 10.00, 1.00),
(716, '2011-11-28', 48, 16, 1.00, 3.00),
(717, '2011-11-28', 27, 16, 1.00, 1.35),
(718, '2011-11-28', 5, 18, 1.00, 1.65),
(719, '2011-12-05', 1256, 54, 4.00, 3.00),
(720, '2011-12-05', 47, 16, 1.00, 3.00),
(721, '2011-12-05', 34, 15, 2.00, 1.00),
(722, '2011-11-29', 159, 2, 2.00, 3.00),
(723, '2011-11-29', 74, 17, 5.00, 1.00),
(724, '2011-11-29', 31, 15, 2.00, 1.00),
(726, '2011-12-02', 61, 15, 4.00, 1.00),
(727, '2011-12-02', 36, 14, 1.50, 1.00),
(728, '2011-12-06', 52, 16, 1.00, 3.00),
(729, '2011-12-06', 36, 16, 1.00, 2.00),
(730, '2011-12-06', 226, 2, 3.00, 3.00),
(731, '2011-12-06', 12, 53, 1.00, 1.00),
(732, '2011-12-08', 29, 3, 1.00, 1.00),
(733, '2011-12-10', 1120, 34, 3.50, 3.00),
(734, '2011-12-08', 67, 2, 3.00, 1.00),
(735, '2011-12-08', 24, 2, 1.00, 1.00),
(736, '2011-12-10', 49, 16, 1.00, 3.00),
(737, '2011-12-09', 153, 2, 2.00, 3.00),
(738, '2011-12-09', 29, 3, 1.00, 1.00),
(739, '2011-12-09', 125, 15, 8.00, 1.00),
(740, '2011-12-12', 214, 2, 3.00, 3.00),
(741, '2011-12-12', 47, 15, 3.00, 1.00),
(742, '2011-12-12', 14, 17, 1.00, 1.00),
(743, '2011-12-13', 282, 2, 4.00, 3.00),
(744, '2011-12-13', 20, 3, 1.00, 1.00),
(745, '2011-12-13', 59, 5, 2.00, 1.00),
(746, '2011-12-13', 23, 13, 1.00, 1.00),
(747, '2011-12-13', 44, 17, 3.00, 1.00),
(748, '2011-12-14', 6, 19, 2.00, 1.00),
(749, '2011-12-14', 82, 15, 5.00, 1.00),
(750, '2011-12-15', 1720, 40, 5.00, 3.00),
(751, '2011-12-16', 127, 16, 4.00, 2.00),
(752, '2011-12-16', 97, 2, 2.00, 2.00),
(753, '2011-12-16', 3, 19, 1.00, 1.00),
(754, '2011-12-16', 26, 15, 2.00, 1.00),
(755, '2011-12-19', 1, 20, 1.00, 1.00),
(756, '2011-12-19', 41, 17, 3.00, 1.00),
(757, '2011-12-19', 34, 16, 1.00, 2.00),
(758, '2011-12-19', 102, 2, 2.00, 2.00),
(759, '2011-12-19', 59, 3, 2.00, 1.00),
(760, '2011-12-19', 31, 5, 1.00, 1.00),
(761, '2011-12-19', 62, 15, 4.00, 1.00),
(762, '2011-12-20', 150, 2, 3.00, 1.00),
(763, '2011-12-20', 39, 16, 1.00, 2.00),
(764, '2011-12-20', 34, 23, 1.00, 1.00),
(765, '2011-12-20', 21, 13, 1.00, 1.00),
(766, '2011-12-20', 60, 17, 4.00, 1.00),
(767, '2011-12-20', 5, 26, 1.00, 1.00),
(769, '2011-12-20', 5, 27, 1.00, 1.00),
(770, '2011-12-21', 87, 2, 3.00, 1.00),
(771, '2011-12-21', 44, 8, 1.00, 1.00),
(772, '2011-12-21', 258, 21, 2.00, 1.00),
(773, '2011-12-21', 71, 16, 2.00, 2.00),
(774, '2012-01-09', 297, 2, 6.00, 2.00),
(775, '2012-01-09', 34, 16, 1.00, 2.00),
(870, '2012-02-22', 74, 16, 2.00, 2.00),
(777, '2012-01-10', 248, 2, 5.00, 2.00),
(778, '2012-01-10', 29, 12, 1.00, 1.00),
(779, '2012-01-11', 394, 2, 8.00, 2.00),
(780, '2012-01-11', 57, 3, 2.00, 1.00),
(781, '2012-01-11', 29, 5, 1.00, 1.00),
(782, '2012-01-11', 31, 11, 1.00, 1.00),
(783, '2012-01-12', 137, 16, 4.00, 2.00),
(784, '2012-01-12', 202, 2, 4.00, 2.00),
(785, '2012-01-12', 14, 57, 1.00, 1.00),
(786, '2012-01-13', 333, 2, 6.50, 2.00),
(787, '2012-01-13', 56, 8, 0.50, 2.00),
(788, '2012-01-13', 15, 57, 1.00, 1.00),
(789, '2012-01-13', 72, 16, 2.00, 2.00),
(790, '2012-01-16', 42, 16, 1.20, 2.00),
(791, '2012-01-16', 5, 18, 0.80, 2.00),
(792, '2012-01-16', 200, 2, 4.00, 2.00),
(793, '2012-01-16', 190, 8, 1.00, 2.00),
(794, '2012-01-16', 5, 20, 1.70, 1.00),
(795, '2012-01-16', 7, 17, 0.30, 1.00),
(796, '2012-01-17', 145, 2, 3.00, 2.00),
(797, '2012-01-17', 56, 3, 2.00, 1.00),
(798, '2012-01-17', 11, 17, 0.60, 1.00),
(799, '2012-01-18', 56, 5, 2.00, 1.00),
(800, '2012-01-18', 76, 9, 3.00, 1.00),
(801, '2012-01-18', 36, 16, 1.00, 2.00),
(802, '2012-01-18', 149, 2, 3.00, 2.00),
(803, '2012-01-18', 31, 17, 2.00, 1.00),
(804, '2012-01-19', 31, 15, 2.00, 1.00),
(805, '2012-01-20', 113, 15, 7.00, 1.00),
(806, '2012-01-20', 3, 19, 1.00, 1.00),
(807, '2012-01-20', 69, 16, 2.00, 2.00),
(808, '2012-01-20', 97, 2, 2.00, 2.00),
(809, '2012-01-23', 71, 23, 2.00, 1.00),
(810, '2012-01-23', 91, 16, 3.00, 2.00),
(811, '2012-01-23', 23, 13, 1.00, 1.00),
(812, '2012-01-27', 150, 2, 3.00, 2.00),
(813, '2012-02-01', 190, 2, 4.00, 2.00),
(814, '2012-02-01', 104, 16, 3.00, 2.00),
(815, '2012-02-02', 102, 2, 2.00, 2.00),
(816, '2012-02-02', 26, 28, 0.90, 1.00),
(817, '2012-02-02', 2, 3, 0.10, 1.00),
(818, '2012-02-02', 30, 17, 2.00, 1.00),
(819, '2012-02-02', 64, 15, 4.00, 1.00),
(820, '2012-02-02', 3, 19, 1.00, 1.00),
(821, '2012-02-02', 56, 16, 1.70, 2.00),
(822, '2012-02-02', 2, 18, 0.30, 2.00),
(823, '2012-02-03', 152, 2, 3.00, 2.00),
(824, '2012-02-03', 23, 10, 1.00, 1.00),
(825, '2012-02-03', 75, 16, 2.00, 2.00),
(826, '2012-02-03', 28, 5, 1.00, 1.00),
(827, '2012-02-03', 28, 3, 1.00, 1.00),
(828, '2012-02-06', 58, 3, 2.00, 1.00),
(829, '2012-02-06', 315, 2, 6.00, 2.00),
(830, '2012-02-06', 31, 16, 1.00, 2.00),
(831, '2012-01-16', 4, 57, 0.30, 1.00),
(832, '2012-01-23', 27, 57, 1.70, 1.00),
(833, '2012-01-23', 7, 22, 1.00, 1.00),
(834, '2012-02-03', 32, 57, 2.00, 1.00),
(835, '2012-02-06', 6, 57, 0.40, 1.00),
(836, '2012-02-09', 55, 28, 1.80, 1.00),
(837, '2012-02-08', 42, 10, 2.00, 1.00),
(838, '2012-02-09', 278, 2, 5.40, 2.00),
(839, '2012-02-09', 107, 8, 0.60, 2.00),
(840, '2012-02-09', 12, 52, 1.00, 0.80),
(841, '2012-02-09', 50, 9, 2.00, 1.00),
(842, '2012-02-09', 6, 3, 0.20, 1.00),
(843, '2012-02-10', 309, 2, 6.00, 2.00),
(844, '2012-02-10', 80, 16, 2.00, 2.00),
(845, '2012-02-13', 144, 2, 3.00, 2.00),
(846, '2012-02-13', 55, 3, 2.00, 1.00),
(847, '2012-02-13', 51, 10, 2.00, 1.00),
(848, '2012-02-13', 52, 9, 2.00, 1.00),
(849, '2012-02-13', 62, 11, 2.00, 1.00),
(850, '2012-02-13', 6, 18, 1.00, 2.00),
(851, '2012-02-13', 41, 16, 1.00, 2.00),
(852, '2012-02-14', 352, 2, 7.00, 2.00),
(853, '2012-02-14', 35, 16, 1.00, 2.00),
(854, '2012-02-14', 57, 14, 2.00, 1.00),
(855, '2012-02-15', 22, 13, 1.00, 1.00),
(856, '2012-02-15', 54, 5, 2.00, 1.00),
(857, '2012-02-15', 68, 16, 2.00, 2.00),
(858, '2012-02-15', 196, 8, 1.00, 2.00),
(859, '2012-02-15', 200, 2, 4.00, 2.00),
(860, '2012-02-16', 198, 2, 4.00, 2.00),
(861, '2012-02-16', 22, 13, 1.00, 1.00),
(862, '2012-02-16', 56, 11, 2.00, 1.00),
(863, '2012-02-16', 53, 3, 2.00, 1.00),
(864, '2012-02-17', 61, 48, 4.00, 3.00),
(865, '2012-02-17', 17, 49, 0.00, 0.00),
(866, '2012-02-21', 1040, 50, 3.50, 3.00),
(867, '2012-02-21', 13, 50, 0.00, 0.00),
(868, '2012-02-21', 12, 58, 1.00, 1.00),
(869, '2012-02-21', 2, 59, 0.00, 0.00),
(871, '2012-02-24', 402, 2, 8.00, 2.00),
(872, '2012-02-27', 29, 16, 1.00, 2.00),
(873, '2012-02-27', 45, 17, 3.00, 1.00),
(874, '2012-02-27', 1195, 33, 4.00, 3.00),
(875, '2012-02-28', 129, 16, 4.00, 2.00),
(876, '2012-02-28', 47, 15, 3.00, 1.00),
(877, '2012-02-28', 16, 17, 1.00, 1.00),
(878, '2012-02-28', 56, 3, 2.00, 1.00),
(879, '2012-02-28', 55, 5, 2.00, 1.00),
(880, '2012-02-29', 29, 15, 2.00, 1.00),
(881, '2012-02-29', 30, 17, 2.00, 1.00),
(882, '2012-02-29', 106, 9, 2.00, 2.00),
(883, '2012-03-02', -1, 2, 0.00, 0.00),
(884, '2012-03-01', 61, 48, 4.00, 3.00),
(885, '2012-03-01', 132, 16, 4.00, 2.00),
(886, '2012-03-01', 90, 15, 6.00, 1.00),
(887, '2012-03-01', 4, 49, 0.00, 0.00),
(888, '2012-03-02', 198, 2, 4.00, 2.00),
(889, '2012-03-02', 70, 16, 2.00, 0.00),
(890, '2012-03-02', 46, 15, 3.00, 1.00),
(891, '2012-03-02', 30, 17, 2.00, 1.00),
(892, '2012-02-29', -61, 48, 0.00, 0.00),
(893, '2012-02-29', -17, 49, 0.00, 0.00),
(894, '2012-03-05', 285, 2, 6.00, 2.00),
(895, '2012-03-05', 63, 15, 4.00, 1.00),
(896, '2012-03-05', 27, 17, 2.00, 1.00),
(945, '2012-03-27', 1144, 54, 3.00, 3.00),
(898, '2012-03-06', 82, 3, 3.00, 1.00),
(899, '2012-03-06', 58, 5, 2.00, 1.00),
(900, '2012-03-06', 44, 15, 3.00, 1.00),
(901, '2012-03-07', 97, 16, 3.00, 2.00),
(902, '2012-03-07', 51, 2, 1.00, 2.00),
(903, '2012-03-07', 62, 15, 4.00, 1.00),
(904, '2012-03-07', 24, 10, 1.00, 1.00),
(905, '2012-03-10', 243, 2, 5.00, 2.00),
(906, '2012-03-10', 68, 16, 2.00, 2.00),
(907, '2012-03-10', 23, 10, 1.00, 1.00),
(908, '2012-03-10', 30, 17, 2.00, 1.00),
(909, '2012-03-10', 15, 15, 1.00, 1.00),
(910, '2012-03-10', 392, 2, 8.00, 2.00),
(911, '2012-03-12', 290, 2, 6.00, 2.00),
(912, '2012-03-12', 35, 16, 1.00, 2.00),
(957, '2012-04-03', 29, 17, 1.00, 2.00),
(914, '2012-03-13', 251, 2, 5.00, 2.00),
(915, '2012-03-13', 27, 3, 1.00, 1.00),
(916, '2012-03-13', 64, 5, 1.00, 2.00),
(917, '2012-03-02', -14, 16, 0.00, 0.00),
(1987, '2012-03-14', 55, 21, 1.00, 1.00),
(919, '2012-03-14', 4, 21, 0.00, 0.00),
(920, '2012-03-14', 15, 15, 1.00, 1.00),
(921, '2012-03-14', 14, 17, 1.00, 1.00),
(922, '2012-03-15', -10, 54, 0.00, 0.00),
(923, '2012-03-15', 91, 15, 6.00, 1.00),
(924, '2012-03-15', 59, 5, 1.00, 2.00),
(925, '2012-03-15', 51, 14, 1.00, 2.00),
(926, '2012-03-15', 54, 12, 1.00, 2.00),
(927, '2012-03-16', 338, 2, 7.00, 2.00),
(928, '2012-03-16', 67, 16, 2.00, 2.00),
(929, '2012-03-16', 92, 15, 6.00, 1.00),
(930, '2012-03-19', 131, 16, 4.00, 2.00),
(959, '2012-04-10', 14, 15, 1.00, 1.00),
(932, '2012-03-19', 34, 6, 1.00, 1.00),
(933, '2012-03-19', 6, 19, 2.00, 1.00),
(934, '2012-03-19', 53, 14, 1.00, 2.00),
(935, '2012-03-19', 2, 20, 0.70, 1.00),
(936, '2012-03-19', 23, 17, 1.30, 1.00),
(937, '2012-03-20', 402, 2, 8.00, 2.00),
(938, '2012-03-20', 28, 17, 2.00, 1.00),
(939, '2012-03-20', 26, 3, 1.00, 1.00),
(940, '2012-03-20', 71, 23, 1.00, 2.00),
(941, '2012-03-21', 230, 2, 4.50, 2.00),
(942, '2012-03-21', 90, 8, 0.50, 2.00),
(943, '2012-03-21', 73, 16, 2.00, 2.00),
(944, '2012-03-21', 28, 3, 1.00, 1.00),
(946, '2012-03-27', 99, 16, 3.00, 2.00),
(947, '2012-03-27', 80, 9, 1.00, 3.00),
(948, '2012-03-27', 27, 3, 1.00, 1.00),
(949, '2012-03-27', 108, 15, 7.00, 1.00),
(950, '2012-03-28', 443, 2, 9.00, 2.00),
(951, '2012-03-28', 15, 15, 1.00, 1.00),
(952, '2012-03-28', 30, 17, 2.00, 1.00),
(953, '2012-03-29', 32, 16, 1.00, 2.00),
(954, '2012-03-30', 27, 3, 1.00, 1.00),
(955, '2012-03-30', 14, 17, 1.00, 1.00),
(956, '2012-03-30', 34, 15, 1.00, 2.00),
(960, '2012-04-10', 55, 3, 1.00, 2.00),
(961, '2012-04-10', 34, 16, 1.00, 2.00),
(962, '2012-04-10', 105, 17, 7.00, 1.00),
(963, '2012-04-10', 198, 2, 4.00, 2.00),
(964, '2012-04-10', 99, 16, 3.00, 2.00),
(965, '2012-04-11', 128, 16, 4.00, 2.00),
(966, '2012-04-11', 150, 2, 3.00, 2.00),
(967, '2012-04-11', 32, 15, 1.00, 2.00),
(968, '2012-04-11', 58, 3, 1.00, 2.00),
(969, '2012-04-11', 57, 5, 1.00, 2.00),
(970, '2012-04-12', 190, 2, 3.70, 2.00),
(971, '2012-04-12', 42, 8, 0.30, 2.00),
(972, '2012-04-12', 33, 16, 1.00, 2.00),
(973, '2012-04-12', 52, 9, 1.00, 2.00),
(974, '2012-04-12', 58, 11, 1.00, 2.00),
(975, '2012-04-12', 26, 3, 1.00, 1.00),
(976, '2012-04-12', 28, 5, 1.00, 1.00),
(977, '2012-04-16', 53, 3, 1.00, 2.00),
(978, '2012-04-16', 61, 5, 1.00, 2.00),
(979, '2012-04-16', 56, 8, 0.30, 2.00),
(980, '2012-04-17', 30, 17, 2.00, 1.00),
(981, '2012-04-17', 64, 15, 4.00, 1.00),
(982, '2012-04-17', 99, 2, 2.00, 2.00),
(983, '2012-04-17', 183, 8, 1.00, 2.00),
(984, '2012-04-17', 161, 16, 4.50, 2.00),
(985, '2012-04-17', 10, 18, 1.50, 2.00),
(986, '2012-04-17', 26, 28, 1.00, 1.00),
(987, '2012-05-11', 242, 2, 4.00, 2.50),
(988, '2012-05-10', 165, 16, 5.00, 2.00),
(989, '2012-05-10', 87, 17, 3.00, 2.00),
(990, '2012-05-10', 32, 15, 1.00, 2.00),
(991, '2012-05-10', 55, 3, 1.00, 2.00),
(992, '2012-05-10', 56, 5, 1.00, 2.00),
(993, '2012-05-10', 52, 11, 1.00, 2.00),
(994, '2012-05-10', 149, 15, 5.00, 2.00),
(995, '2012-05-10', 43, 2, 1.00, 2.00),
(996, '2012-05-07', 190, 2, 4.00, 2.00),
(997, '2012-05-07', 61, 16, 2.00, 2.00),
(998, '2012-05-07', 66, 15, 2.00, 2.00),
(999, '2012-05-07', 31, 17, 1.00, 2.00),
(1000, '2012-05-07', 27, 3, 1.00, 1.00),
(1001, '2012-05-07', 31, 5, 1.00, 1.00),
(1002, '2012-05-07', 46, 13, 1.00, 2.00),
(1003, '2012-05-07', 291, 2, 6.00, 2.00),
(1004, '2012-05-07', 67, 16, 2.00, 2.00),
(1005, '2012-05-07', 75, 17, 5.00, 1.00),
(1006, '2012-05-07', 28, 3, 1.00, 1.00),
(1007, '2012-05-07', 29, 5, 1.00, 1.00),
(1008, '2012-05-07', 32, 10, 1.00, 1.25),
(1009, '2012-05-07', 29, 12, 1.00, 1.00),
(1010, '2012-05-07', 31, 14, 1.00, 1.00),
(1011, '2012-05-04', 199, 2, 4.00, 2.00),
(1012, '2012-05-04', 162, 16, 5.00, 2.00),
(1013, '2012-05-04', 15, 15, 1.00, 1.00),
(1014, '2012-05-04', 32, 17, 1.00, 2.00),
(1015, '2012-05-04', 103, 9, 2.00, 2.00),
(1016, '2012-05-15', 239, 2, 4.00, 2.50),
(1017, '2012-05-15', 192, 8, 1.00, 2.50),
(1018, '2012-05-15', 22, 28, 1.00, 1.00),
(1019, '2012-05-15', 35, 10, 1.00, 1.50),
(1020, '2012-05-15', 58, 14, 1.00, 2.00),
(1021, '2012-05-16', 295, 2, 5.00, 2.50),
(1022, '2012-05-16', 63, 17, 2.00, 2.00),
(1023, '2012-05-16', 107, 16, 3.00, 2.00),
(1024, '2012-05-16', 30, 5, 1.00, 1.00),
(1025, '2012-05-18', 25, 3, 1.00, 1.00),
(1026, '2012-05-21', 104, 2, 2.00, 2.50),
(1027, '2012-05-21', 95, 16, 3.00, 2.00),
(1028, '2012-05-21', 28, 17, 1.00, 2.00),
(1029, '2012-05-21', 59, 15, 2.00, 2.00),
(1030, '2012-05-21', 53, 3, 1.00, 2.00),
(1031, '2012-05-21', 53, 9, 1.00, 2.00),
(1032, '2012-05-21', 59, 12, 1.00, 2.00),
(1033, '2012-04-18', 173, 16, 5.00, 2.00),
(1034, '2012-04-18', 97, 2, 2.00, 2.00),
(1035, '2012-04-18', 65, 17, 2.00, 2.00),
(1036, '2012-04-18', 5, 20, 1.00, 2.00),
(1037, '2012-04-18', 12, 15, 1.00, 1.00),
(1038, '2012-04-18', 10, 19, 3.00, 1.00),
(1039, '2012-04-19', 31, 15, 1.00, 2.00),
(1040, '2012-04-19', 396, 2, 8.00, 2.00),
(1041, '2012-04-24', 163, 16, 5.00, 2.00),
(1042, '2012-04-24', 46, 2, 1.00, 2.00),
(1043, '2012-04-24', 90, 15, 3.00, 2.00),
(1044, '2012-05-22', 377, 2, 6.00, 2.50),
(1045, '2012-05-22', 31, 15, 1.00, 2.00),
(1046, '2012-05-23', 364, 2, 6.00, 2.50),
(1047, '2012-05-23', 60, 17, 2.00, 2.00),
(1048, '2012-05-23', 31, 15, 1.00, 2.00),
(1049, '2012-05-24', 308, 2, 5.00, 2.50),
(1050, '2012-05-24', 21, 15, 1.00, 1.34),
(1051, '2012-05-24', 27, 3, 1.00, 1.00),
(1052, '2012-05-24', 28, 5, 1.00, 1.00),
(1989, '2013-06-21', 20, 8, 0.10, 3.00),
(1054, '2012-05-24', 140, 39, 1.00, 1.00),
(1055, '2012-05-30', -27, 2, 0.00, 0.00),
(1056, '2012-05-29', 29, 2, 1.00, 1.22),
(1057, '2012-05-31', -1, 2, 0.00, 0.00),
(1058, '2012-05-30', 121, 16, 3.00, 2.00),
(1059, '2012-05-30', 185, 2, 3.00, 2.50),
(1060, '2012-05-30', 28, 14, 1.00, 1.00),
(1061, '2012-05-30', 32, 23, 1.00, 1.00),
(1063, '2012-05-31', 1380, 40, 4.00, 3.00),
(1064, '2012-05-31', 12, 31, 0.00, 0.00),
(1065, '2012-05-31', 41, 3, 1.50, 1.00),
(1066, '2012-05-31', 25, 9, 1.00, 1.00),
(1067, '2012-05-31', 70, 2, 1.50, 2.00),
(1953, '2012-05-31', 104, 8, 0.50, 2.00),
(1069, '2012-06-01', 100, 41, 1.00, 2.00),
(1070, '2012-06-01', 105, 41, 1.00, 2.00),
(1071, '2012-06-04', 1432, 40, 4.00, 3.00),
(1072, '2012-06-05', 172, 2, 3.00, 2.50),
(1073, '2012-06-05', 31, 17, 1.00, 2.00),
(1074, '2012-06-05', 80, 16, 2.00, 2.00),
(1075, '2012-06-05', 27, 3, 1.00, 1.00),
(1076, '2012-06-05', 53, 9, 1.00, 2.00),
(1077, '2012-06-06', 500, 2, 8.00, 2.50),
(1078, '2012-06-06', 53, 3, 1.00, 2.00),
(1079, '2012-06-06', 61, 5, 1.00, 2.00),
(1080, '2012-06-06', 23, 9, 1.00, 1.00),
(1081, '2012-06-06', 40, 11, 1.00, 1.00),
(1082, '2012-06-06', 31, 14, 1.00, 1.00),
(1083, '2012-06-06', 34, 12, 1.00, 1.00),
(1084, '2012-06-07', 66, 2, 1.00, 2.50),
(1085, '2012-06-07', 31, 15, 1.00, 2.00),
(1086, '2012-06-07', 12, 3, 1.00, 0.50),
(1087, '2012-06-07', 181, 16, 11.00, 1.00),
(1088, '2012-06-07', 120, 2, 2.00, 2.50),
(1089, '2012-06-07', 43, 17, 3.00, 1.00),
(1090, '2012-06-07', 15, 15, 1.00, 1.00),
(1091, '2012-06-11', 237, 2, 4.00, 2.50),
(1092, '2012-06-11', 86, 8, 1.00, 1.00),
(1093, '2012-06-11', 29, 17, 1.00, 2.00),
(1094, '2012-06-11', 47, 15, 3.00, 1.00),
(1095, '2012-06-11', 26, 3, 1.00, 1.00),
(1096, '2012-06-11', 66, 16, 2.00, 2.00),
(1097, '2012-06-12', 310, 2, 5.00, 2.50),
(1098, '2012-06-12', 33, 16, 1.00, 2.00),
(1099, '2012-06-12', 31, 15, 1.00, 2.00),
(1100, '2012-06-12', 30, 17, 1.00, 2.00),
(1101, '2012-06-12', 27, 3, 1.00, 1.00),
(1102, '2012-06-12', 18, 5, 0.50, 1.00),
(1103, '2012-06-13', 364, 2, 6.00, 2.50),
(1104, '2012-06-13', 44, 2, 1.00, 1.00),
(1105, '2012-06-13', 93, 15, 3.00, 2.00),
(1106, '2012-06-13', 3, 19, 1.00, 1.00),
(1107, '2012-06-13', 34, 16, 1.00, 2.00),
(1108, '2012-06-13', 27, 3, 1.00, 1.00),
(1109, '2012-06-13', 37, 5, 1.00, 1.00),
(1110, '2012-06-14', 16, 17, 1.00, 1.00),
(1111, '2012-06-15', 184, 2, 3.00, 2.50),
(1113, '2012-06-15', 99, 2, 2.00, 2.00),
(1114, '2012-06-15', 32, 8, 0.50, 1.00),
(1115, '2012-06-15', 22, 17, 1.00, 1.50),
(1116, '2012-06-15', 124, 16, 7.00, 1.00),
(1117, '2012-06-16', -1, 2, 0.00, 0.00),
(1118, '2012-06-18', 36, 16, 1.00, 2.00),
(1119, '2012-06-18', 5, 18, 1.00, 2.00),
(1120, '2012-06-18', 30, 17, 1.00, 2.00),
(1121, '2012-06-18', 93, 15, 3.00, 2.00),
(1122, '2012-06-18', 180, 2, 3.00, 2.50),
(1123, '2012-06-19', 183, 2, 3.00, 2.50),
(1124, '2012-06-19', 182, 8, 1.00, 2.00),
(1125, '2012-06-19', 32, 15, 1.00, 2.00),
(1126, '2012-06-19', 38, 3, 1.00, 1.50),
(1127, '2012-06-19', 43, 5, 1.00, 1.50),
(1128, '2012-06-19', 24, 13, 1.00, 1.00),
(1129, '2012-06-19', 75, 23, 1.00, 2.00),
(1130, '2012-06-19', 50, 9, 1.00, 2.00),
(1131, '2012-06-19', 35, 16, 1.00, 2.00),
(1132, '2012-06-20', 179, 2, 3.00, 2.50),
(1133, '2012-06-20', 30, 16, 1.00, 2.00),
(1134, '2012-06-20', 29, 17, 1.00, 2.00),
(1135, '2012-06-20', 94, 15, 3.00, 2.00),
(1136, '2012-06-20', 25, 28, 1.00, 1.00),
(1137, '2012-06-20', 26, 9, 1.00, 1.00),
(1138, '2012-06-20', 28, 11, 1.00, 1.00),
(1139, '2012-06-20', 1, 3, 0.00, 0.00),
(1140, '2012-06-21', 61, 2, 1.00, 2.50),
(1141, '2012-06-22', 200, 16, 4.00, 3.00),
(1142, '2012-06-22', 47, 10, 1.00, 2.00),
(1143, '2012-06-22', 124, 2, 2.00, 2.50),
(1144, '2012-06-25', 52, 16, 1.00, 3.00),
(1145, '2012-06-25', 5, 18, 1.00, 2.00),
(1146, '2012-06-25', 247, 2, 4.00, 2.50),
(1147, '2012-06-25', 46, 17, 3.00, 1.00),
(1148, '2012-06-25', 47, 15, 3.00, 1.00),
(1149, '2012-06-25', 25, 3, 1.00, 1.00),
(1150, '2012-06-25', 25, 9, 1.00, 1.00),
(1151, '2012-06-26', 427, 2, 7.00, 2.50),
(1152, '2012-06-26', 59, 17, 2.00, 2.00),
(1153, '2012-06-26', 34, 13, 1.00, 1.00),
(1154, '2012-06-26', 29, 14, 1.00, 1.00),
(1155, '2012-06-28', 468, 2, 8.00, 2.50),
(1156, '2012-06-28', 29, 17, 1.00, 2.00),
(1157, '2012-06-28', 28, 3, 1.00, 1.00),
(1158, '2012-06-28', 26, 16, 1.00, 1.50),
(1159, '2012-06-29', -1, 2, 0.00, 0.00),
(1160, '2012-06-29', 152, 16, 3.00, 3.00),
(1161, '2012-06-29', 184, 2, 3.00, 2.50),
(1162, '2012-06-29', 32, 15, 1.00, 2.00),
(1163, '2012-06-29', 29, 5, 1.00, 1.00),
(1164, '2012-07-02', 43, 10, 1.00, 2.00),
(1165, '2012-07-02', 49, 9, 1.00, 2.00),
(1166, '2012-07-02', 62, 15, 2.00, 2.00),
(1167, '2012-07-02', 27, 3, 1.00, 1.00),
(1168, '2012-07-02', 202, 2, 3.50, 2.50),
(1169, '2012-07-02', 106, 8, 0.50, 2.50),
(1170, '2012-07-05', 240, 2, 4.00, 2.50),
(1171, '2012-07-05', 26, 3, 1.00, 1.00),
(1172, '2012-07-05', 51, 11, 1.00, 2.00),
(1173, '2012-07-05', 53, 14, 1.00, 2.00),
(1174, '2012-07-05', 28, 12, 1.00, 1.00),
(1175, '2012-07-05', 50, 16, 1.00, 3.00),
(1176, '2012-07-06', 64, 15, 3.00, 2.00),
(1177, '2012-07-06', 6, 20, 1.00, 2.00),
(1178, '2012-07-06', 27, 5, 1.00, 1.00),
(1179, '2012-07-06', 117, 2, 2.00, 2.50),
(1180, '2012-06-10', 212, 2, 4.00, 2.50),
(1181, '2012-07-10', 100, 16, 2.00, 3.00),
(1182, '2012-07-10', 36, 15, 1.00, 2.00),
(1183, '2012-07-10', 6, 19, 1.00, 2.00),
(1184, '2012-07-10', 15, 17, 1.00, 1.00),
(1185, '2012-07-10', -1, 8, 0.00, 0.00),
(1186, '2012-07-10', 248, 2, 4.00, 2.50),
(1187, '2012-07-10', 25, 9, 1.00, 1.00),
(1188, '2012-07-12', 179, 2, 3.00, 2.50),
(1189, '2012-07-12', 56, 15, 2.00, 2.00),
(1190, '2012-07-12', 29, 17, 1.00, 2.00),
(1191, '2012-07-12', 84, 3, 1.00, 3.00),
(1192, '2012-07-12', 24, 28, 1.00, 1.00),
(1193, '2012-07-13', 62, 2, 1.00, 2.50),
(1194, '2012-07-13', 82, 16, 2.00, 2.00),
(1195, '2012-07-19', 59, 15, 2.00, 2.00),
(1196, '2012-07-19', 92, 17, 6.00, 1.00),
(1197, '2012-07-19', 30, 16, 1.00, 2.00),
(1198, '2012-07-19', 174, 2, 3.00, 2.50),
(1199, '2012-07-19', 25, 9, 1.00, 1.00),
(1200, '2012-07-20', 26, 11, 1.00, 1.00),
(1201, '2012-07-20', 183, 2, 3.00, 2.50),
(1202, '2012-07-20', 45, 15, 3.00, 1.00),
(1203, '2012-07-20', 45, 17, 3.00, 1.00),
(1204, '2012-07-20', 27, 3, 1.00, 1.00),
(1205, '2012-07-20', 28, 5, 1.00, 1.00),
(1206, '2012-07-23', -1, 17, 0.00, 0.00),
(1207, '2012-07-23', 114, 2, 2.00, 2.50),
(1208, '2012-07-23', 151, 16, 3.00, 3.00),
(1209, '2012-07-23', 45, 15, 3.00, 1.00),
(1210, '2012-07-25', -2, 2, 0.00, 0.00),
(1211, '2012-07-24', 46, 15, 3.00, 1.00),
(1212, '2012-07-24', 31, 17, 2.00, 1.00),
(1213, '2012-07-24', 3, 20, 1.00, 1.00),
(1214, '2012-07-24', 303, 2, 5.00, 2.50),
(1215, '2012-07-24', 50, 16, 1.00, 3.00),
(1216, '2012-07-24', 28, 5, 1.00, 1.00),
(1217, '2012-07-25', 45, 15, 3.00, 1.00),
(1218, '2012-07-25', 49, 16, 1.00, 3.00),
(1219, '2012-07-25', 127, 2, 2.00, 2.50),
(1220, '2012-07-25', 26, 3, 1.00, 1.00),
(1221, '2012-07-25', 64, 23, 2.00, 1.00),
(1222, '2012-07-26', 28, 10, 1.00, 1.00),
(1223, '2012-07-26', 23, 9, 1.00, 1.00),
(1224, '2012-07-26', 27, 11, 1.00, 1.00),
(1225, '2012-07-26', 28, 14, 1.00, 1.00),
(1226, '2012-07-26', 96, 8, 0.50, 2.50),
(1227, '2012-07-26', 155, 2, 2.50, 2.50),
(1228, '2012-07-27', 183, 2, 3.00, 2.50),
(1229, '2012-07-27', 26, 3, 1.00, 1.00),
(1230, '2012-07-27', 52, 9, 2.00, 1.00),
(1231, '2012-07-27', 22, 13, 1.00, 1.00),
(1232, '2012-07-30', 430, 2, 7.00, 2.50),
(1233, '2012-07-30', 23, 10, 1.00, 1.00),
(1234, '2012-07-30', 30, 12, 1.00, 1.00),
(1235, '2012-07-31', 14, 17, 1.00, 1.00),
(1236, '2012-07-31', 151, 16, 3.00, 3.00),
(1237, '2012-07-31', 186, 2, 3.00, 2.50),
(1238, '2012-07-31', -2, 16, 0.00, 0.00),
(1239, '2012-08-01', 29, 3, 1.00, 1.00),
(1240, '2012-08-01', 30, 5, 1.00, 1.00),
(1241, '2012-08-01', 244, 2, 4.00, 2.50),
(1242, '2012-08-01', 26, 9, 1.00, 1.00),
(1243, '2012-08-02', 63, 15, 4.00, 1.00),
(1244, '2012-08-02', 46, 17, 3.00, 1.00),
(1245, '2012-08-02', 131, 16, 8.00, 1.00),
(1246, '2012-08-02', 123, 2, 2.00, 2.50),
(1247, '2012-08-03', 55, 3, 2.00, 1.00),
(1248, '2012-08-03', 57, 5, 2.00, 1.00),
(1249, '2012-08-03', 25, 28, 1.00, 1.00),
(1250, '2012-08-03', 31, 6, 1.00, 1.00),
(1251, '2012-08-03', 66, 16, 2.00, 2.00),
(1252, '2012-08-03', 15, 15, 1.00, 1.00),
(1253, '2012-08-07', 10, 19, 3.00, 1.00),
(1254, '2001-08-07', 5, 20, 2.00, 1.00),
(1255, '2012-08-07', 57, 2, 1.00, 2.50),
(1256, '2012-08-07', 50, 16, 1.00, 3.00),
(1257, '2012-08-07', 49, 17, 3.00, 1.00),
(1258, '2012-08-07', 10, 15, 1.00, 1.00),
(1988, '2013-06-21', 445, 2, 5.90, 3.00),
(1260, '2012-08-07', 160, 39, 0.00, 0.00),
(1261, '2012-08-07', 363, 2, 6.00, 2.50),
(1262, '2012-08-07', 76, 57, 2.50, 1.00),
(1263, '2012-08-07', 3, 21, 0.00, 0.00),
(1264, '2012-08-06', 32, 16, 1.00, 2.00),
(1265, '2012-08-06', 60, 14, 1.00, 2.00),
(1266, '2012-08-06', 49, 11, 1.00, 2.00),
(1267, '2012-08-06', 24, 10, 1.00, 1.00),
(1268, '2012-08-06', 55, 5, 1.00, 2.00),
(1269, '2012-08-06', 54, 3, 2.00, 1.00),
(1270, '2012-08-06', 30, 17, 2.00, 1.00),
(1271, '2012-08-06', 61, 15, 4.00, 1.00),
(1272, '2012-08-10', 90, 15, 6.00, 1.00),
(1273, '2012-08-10', 186, 2, 3.00, 2.50),
(1274, '2012-08-10', 133, 16, 8.00, 1.00),
(1275, '2012-08-10', 182, 2, 3.00, 2.50),
(1276, '2012-06-01', -1380, 31, 0.00, 0.00),
(1277, '2012-08-13', 34, 24, 1.00, 1.00),
(1278, '2012-08-14', 181, 2, 3.00, 2.50),
(1279, '2012-08-14', 49, 16, 1.00, 3.00),
(1280, '2012-08-14', 15, 15, 1.00, 1.00),
(1281, '2012-08-14', 29, 17, 2.00, 1.00),
(1931, '2013-03-19', 148, 2, 3.00, 2.00),
(1283, '2012-08-14', 54, 3, 2.00, 1.00),
(1284, '2012-08-14', 25, 9, 1.00, 1.00),
(1285, '2012-08-15', 54, 3, 2.00, 1.00),
(1286, '2012-08-15', 27, 5, 1.00, 1.00),
(1287, '2012-08-15', 313, 2, 5.00, 2.50),
(1288, '2012-08-15', 45, 15, 3.00, 1.00),
(1289, '2012-08-16', 314, 2, 5.00, 2.50),
(1290, '2012-08-16', 155, 16, 3.00, 3.00),
(1291, '2012-08-16', 31, 15, 2.00, 1.00),
(1292, '2012-08-16', 27, 9, 1.00, 1.00),
(1293, '2012-08-20', 98, 15, 3.00, 2.00),
(1294, '2012-08-20', 10, 19, 2.00, 2.00),
(1295, '2012-08-20', 59, 17, 2.00, 2.00),
(1296, '2012-08-20', 6, 20, 1.00, 2.00),
(1297, '2012-08-20', 48, 16, 1.00, 3.00),
(1298, '2012-08-20', 10, 18, 1.00, 3.00),
(1299, '2012-08-21', -1, 19, 0.00, 0.00),
(1300, '2012-08-22', -1, 2, 0.00, 0.00),
(1301, '2012-08-21', 24, 10, 1.00, 1.00),
(1302, '2012-08-21', 24, 9, 1.00, 1.00),
(1303, '2012-08-21', 28, 11, 1.00, 1.00),
(1304, '2012-08-21', 30, 12, 1.00, 1.00),
(1305, '2012-08-21', 98, 16, 2.00, 3.00),
(1306, '2012-08-21', 191, 2, 3.00, 2.50),
(1307, '2012-08-21', 29, 17, 2.00, 1.00),
(1308, '2012-08-21', 45, 15, 3.00, 1.00),
(1309, '2012-08-22', 51, 16, 1.00, 3.00),
(1310, '2012-08-22', 252, 2, 4.00, 2.50),
(1311, '2012-08-22', 56, 3, 2.00, 1.00),
(1312, '2012-08-22', 30, 15, 2.00, 1.00),
(1313, '2012-08-22', 25, 14, 1.00, 1.00),
(1314, '2012-08-22', 26, 5, 1.00, 1.00),
(1315, '2012-08-24', 365, 2, 6.00, 2.50),
(1316, '2012-08-23', 26, 3, 1.00, 1.00),
(1317, '2012-08-23', 25, 9, 1.00, 1.00),
(1318, '2012-08-23', 56, 11, 2.00, 1.00),
(1319, '2012-08-23', 47, 13, 2.00, 1.00),
(1320, '2012-08-23', 30, 15, 2.00, 1.00),
(1321, '2012-08-23', 30, 17, 2.00, 1.00),
(1322, '2012-08-23', 50, 16, 1.00, 3.00),
(1323, '2012-08-27', 180, 2, 3.00, 2.50),
(1324, '2012-08-27', 50, 16, 1.00, 3.00),
(1325, '2012-08-27', 29, 15, 2.00, 1.00),
(1326, '2012-08-27', 48, 10, 2.00, 1.00),
(1327, '2012-08-28', 52, 16, 1.00, 3.00),
(1328, '2012-08-28', 186, 2, 3.00, 2.50),
(1329, '2012-08-27', 26, 3, 1.00, 1.00),
(1330, '2012-08-28', 57, 5, 2.00, 1.00),
(1331, '2012-08-29', 467, 8, 2.00, 2.50),
(1332, '2012-08-29', 125, 2, 2.00, 2.50);
INSERT INTO `produccion` (`num_prod`, `fec_prod`, `can_prod`, `cod_mer`, `lot_prod`, `lot_esca`) VALUES
(1333, '2012-08-29', 59, 15, 4.00, 1.00),
(1334, '2012-08-30', 26, 28, 1.00, 1.00),
(1335, '2012-08-30', 1, 3, 0.00, 0.00),
(1336, '2012-08-30', 24, 14, 1.00, 1.00),
(1337, '2012-09-03', 46, 17, 3.00, 1.00),
(1338, '2012-09-03', 148, 16, 3.00, 3.00),
(1339, '2012-09-03', 59, 2, 1.00, 2.50),
(1340, '2012-09-04', 499, 2, 8.00, 2.50),
(1341, '2012-09-04', 15, 17, 1.00, 1.00),
(1342, '2012-09-04', 30, 15, 2.00, 1.00),
(1343, '2012-09-05', 248, 2, 4.00, 2.50),
(1344, '2012-09-05', 27, 9, 1.00, 1.00),
(1345, '2012-09-05', 27, 7, 1.00, 1.00),
(1346, '2012-09-05', 24, 14, 1.00, 1.00),
(1347, '2012-09-05', 106, 16, 2.00, 3.00),
(1348, '2012-09-06', 249, 2, 4.00, 2.50),
(1349, '2012-09-06', 105, 15, 7.00, 1.00),
(1350, '2012-09-06', 24, 9, 1.00, 1.00),
(1351, '2012-09-07', 450, 8, 2.00, 2.50),
(1352, '2012-09-07', 61, 2, 1.00, 2.50),
(1353, '2012-09-07', 104, 16, 2.00, 3.00),
(1354, '2012-09-08', -1, 8, 0.00, 0.00),
(1355, '2012-09-10', 366, 2, 6.00, 2.50),
(1356, '2012-09-10', 79, 9, 3.00, 1.00),
(1357, '2012-09-11', 369, 2, 6.00, 2.50),
(1935, '2013-03-15', 94, 67, 1.00, 1.00),
(1934, '2012-03-06', 50, 2, 1.00, 2.00),
(1933, '2012-03-26', 1340, 31, 4.00, 3.00),
(1932, '2012-03-26', 1200, 34, 3.50, 3.00),
(1930, '2013-01-09', 60, 3, 2.00, 1.00),
(1363, '2012-09-11', 50, 16, 1.00, 3.00),
(1364, '2012-09-11', 30, 15, 2.00, 1.00),
(1365, '2012-09-11', 30, 17, 2.00, 1.00),
(1366, '2012-09-12', 127, 2, 2.00, 2.50),
(1367, '2012-09-12', 185, 8, 1.00, 2.00),
(1368, '2012-09-12', 87, 3, 3.00, 1.00),
(1369, '2012-09-12', 25, 28, 1.00, 1.00),
(1370, '2012-09-12', 11, 5, 1.00, 0.50),
(1371, '2012-09-13', 30, 15, 2.00, 1.00),
(1372, '2012-09-13', 45, 17, 3.00, 1.00),
(1373, '2012-09-13', 243, 2, 4.00, 2.50),
(1374, '2012-09-13', 55, 3, 2.00, 1.00),
(1375, '2012-09-13', 29, 5, 1.00, 1.00),
(1376, '2012-09-14', 248, 2, 4.00, 2.50),
(1377, '2012-09-14', 29, 17, 2.00, 1.00),
(1378, '2012-09-14', 24, 10, 1.00, 1.00),
(1379, '2012-09-14', 24, 14, 1.00, 1.00),
(1380, '2012-09-14', 31, 23, 1.00, 1.00),
(1381, '2012-09-14', 44, 15, 3.00, 1.00),
(1382, '2012-09-15', -1, 2, 0.00, 0.00),
(1383, '2012-09-17', 98, 16, 2.00, 3.00),
(1384, '2012-09-17', 246, 2, 4.00, 2.50),
(1385, '2012-09-17', 47, 15, 3.00, 1.00),
(1386, '2012-09-17', 16, 17, 1.00, 1.00),
(1388, '2012-09-18', 131, 2, 2.50, 2.50),
(1389, '2012-09-18', 309, 8, 1.50, 2.50),
(1390, '2012-09-18', 34, 17, 2.00, 1.00),
(1391, '2012-09-18', 15, 15, 1.00, 1.00),
(1392, '2012-09-18', 29, 3, 1.00, 1.00),
(1393, '2012-09-19', 62, 5, 2.00, 1.00),
(1394, '2012-09-20', 121, 15, 7.00, 1.00),
(1395, '2012-09-20', 186, 2, 3.00, 2.50),
(1396, '2012-09-20', 186, 2, 3.00, 2.50),
(1397, '2012-09-20', 37, 16, 1.00, 2.50),
(1398, '2012-09-22', -5, 8, 0.00, 0.00),
(1399, '2012-09-21', 26, 3, 1.00, 1.00),
(1400, '2012-09-21', 21, 5, 1.00, 1.00),
(1401, '2012-09-21', 376, 2, 6.00, 2.50),
(1402, '2012-09-24', 59, 2, 1.00, 2.50),
(1403, '2012-09-24', 62, 15, 2.00, 2.00),
(1404, '2012-09-24', 47, 17, 3.00, 1.00),
(1405, '2012-09-25', -1, 2, 0.00, 0.00),
(1406, '2012-09-25', 183, 2, 3.00, 2.50),
(1407, '2012-09-25', 27, 3, 1.00, 1.00),
(1408, '2012-09-25', 17, 5, 0.50, 1.00),
(1412, '2012-09-26', 307, 2, 5.00, 2.50),
(1411, '2012-09-25', 1378, 31, 4.00, 3.00),
(1413, '2012-09-26', 55, 3, 2.00, 1.00),
(1414, '2012-09-26', 56, 5, 2.00, 1.00),
(1415, '2012-09-26', 53, 9, 2.00, 1.00),
(1416, '2012-09-26', 24, 14, 1.00, 1.00),
(1417, '2012-09-26', 28, 12, 1.00, 1.00),
(1418, '2012-09-27', 249, 2, 4.00, 2.50),
(1419, '2012-09-27', 104, 16, 2.00, 3.00),
(1420, '2012-09-27', 29, 17, 2.00, 1.00),
(1421, '2012-09-27', 54, 11, 2.00, 1.00),
(1422, '2012-09-26', -1, 2, 0.00, 0.00),
(1423, '2012-09-28', 1120, 35, 3.00, 3.00),
(1424, '2012-09-28', 176, 2, 3.00, 2.50),
(1425, '2012-10-01', -1378, 31, 0.00, 0.00),
(1426, '2012-10-01', 1327, 31, 4.00, 3.00),
(1427, '2012-10-01', 235, 2, 4.00, 2.50),
(1428, '2012-10-01', 26, 3, 1.00, 1.00),
(1429, '2012-10-02', 183, 2, 3.00, 2.50),
(1430, '2012-10-02', 102, 16, 2.00, 3.00),
(1431, '2012-10-02', 45, 15, 3.00, 1.00),
(1432, '2012-10-02', 15, 17, 1.00, 1.00),
(1433, '2012-10-03', 655, 38, 2.00, 3.00),
(1434, '2012-10-03', 45, 10, 1.00, 2.00),
(1438, '2012-10-03', 53, 9, 1.00, 2.00),
(1436, '2012-10-03', 54, 11, 1.00, 2.00),
(1437, '2012-10-03', 77, 15, 5.00, 1.00),
(1439, '2012-10-04', 359, 2, 6.00, 2.50),
(1440, '2012-10-05', 368, 2, 6.00, 2.50),
(1441, '2012-10-05', 32, 13, 1.00, 1.42),
(1442, '2012-10-06', -1, 2, 0.00, 0.00),
(1443, '2012-10-08', 84, 3, 3.00, 1.00),
(1444, '2012-10-08', 361, 2, 6.00, 2.50),
(1445, '2012-10-08', 57, 5, 2.00, 1.00),
(1446, '2012-10-08', 29, 15, 2.00, 1.00),
(1448, '2012-10-09', 184, 2, 3.00, 2.50),
(1449, '2012-10-09', 27, 15, 1.75, 1.00),
(1450, '2012-10-09', -1, 11, 0.00, 0.00),
(1451, '2012-10-10', -1, 2, 0.00, 0.00),
(1452, '2012-10-10', 99, 16, 2.00, 3.00),
(1458, '2012-10-11', 441, 2, 7.00, 2.50),
(1454, '2012-10-10', 190, 2, 3.00, 2.50),
(1455, '2012-10-10', 30, 17, 2.00, 1.00),
(1456, '2012-10-10', 56, 3, 2.00, 1.00),
(1457, '2012-10-10', 56, 5, 2.00, 1.00),
(1459, '2012-10-11', 8, 13, 1.00, 0.33),
(1460, '2012-10-11', 68, 23, 2.00, 1.00),
(1461, '2012-10-12', 103, 16, 2.00, 3.00),
(1462, '2012-10-12', 248, 2, 4.00, 2.50),
(1463, '2012-10-12', 14, 15, 1.00, 1.00),
(1464, '2012-10-12', 29, 17, 2.00, 1.00),
(1465, '2012-10-12', 3, 20, 1.00, 1.00),
(1466, '2012-10-15', 427, 2, 7.00, 2.50),
(1467, '2012-10-15', 58, 3, 2.00, 1.00),
(1468, '2012-10-15', 25, 28, 1.00, 1.00),
(1469, '2012-10-15', 54, 9, 2.00, 1.00),
(1470, '2012-10-15', 54, 12, 2.00, 1.00),
(1471, '2012-10-15', 16, 16, 1.00, 1.00),
(1472, '2012-10-16', 47, 15, 3.00, 1.00),
(1473, '2012-10-16', 558, 2, 9.00, 2.50),
(1474, '2012-10-17', 489, 2, 8.00, 2.50),
(1475, '2012-10-17', 47, 17, 3.00, 1.00),
(1476, '2012-10-17', 49, 16, 1.00, 3.00),
(1477, '2012-10-18', -5, 16, 0.00, 0.00),
(1478, '2012-10-19', -1, 2, 0.00, 0.00),
(1479, '2012-10-18', 502, 2, 8.00, 2.50),
(1480, '2012-10-18', 48, 16, 1.00, 3.00),
(1481, '2012-10-18', 55, 3, 2.00, 1.00),
(1482, '2012-10-22', 44, 15, 3.00, 1.00),
(1483, '2012-10-22', 26, 9, 1.00, 1.00),
(1484, '2012-10-22', 48, 16, 1.00, 3.00),
(1485, '2012-10-24', -2, 8, 0.00, 0.00),
(1486, '2012-10-23', 18, 3, 1.00, 0.75),
(1487, '2012-10-24', 240, 2, 4.00, 2.50),
(1488, '2012-10-23', 104, 8, 1.00, 1.00),
(1489, '2012-10-23', 35, 2, 1.00, 1.50),
(1490, '2012-10-24', 368, 2, 6.00, 2.50),
(1491, '2012-10-24', 51, 16, 1.00, 3.00),
(1492, '2012-10-24', 47, 15, 3.00, 1.00),
(1493, '2012-10-25', 244, 2, 4.00, 2.50),
(1494, '2012-10-25', 156, 16, 3.00, 3.00),
(1495, '2012-10-25', 62, 15, 4.00, 1.00),
(1496, '2012-10-25', 30, 17, 2.00, 1.00),
(1497, '2012-10-26', 34, 14, 1.50, 1.00),
(1498, '2012-11-01', -1, 2, 0.00, 0.00),
(1499, '2012-10-30', 279, 2, 5.00, 2.50),
(1500, '2012-10-31', 27, 3, 1.00, 1.00),
(1501, '2012-10-31', 27, 5, 1.00, 1.00),
(1502, '2012-10-31', 25, 10, 1.00, 1.00),
(1503, '2012-10-31', 24, 9, 1.00, 1.00),
(1504, '2012-10-31', 28, 11, 1.00, 1.00),
(1505, '2012-10-31', 246, 2, 4.00, 2.50),
(1506, '2012-10-31', 35, 16, 1.00, 2.00),
(1507, '2012-10-31', 3, 18, 1.00, 1.00),
(1508, '2012-11-03', -2, 2, 0.00, 0.00),
(1509, '2012-11-01', 1400, 34, 4.00, 3.00),
(1511, '2012-11-05', 109, 15, 7.00, 1.00),
(1512, '2012-11-05', 3, 19, 1.00, 1.00),
(1513, '2012-11-05', 235, 2, 4.00, 2.50),
(1514, '2012-11-06', 54, 3, 2.00, 1.00),
(1515, '2012-11-06', 28, 5, 1.00, 1.00),
(1516, '2012-11-06', 53, 9, 2.00, 1.00),
(1517, '2012-11-06', 25, 14, 1.00, 1.00),
(1518, '2012-11-06', 247, 2, 4.00, 2.50),
(1519, '2012-11-06', 188, 8, 1.00, 2.50),
(1520, '2012-11-07', 241, 2, 4.00, 2.50),
(1521, '2012-11-07', 147, 16, 3.00, 3.00),
(1522, '2012-11-07', 44, 15, 3.00, 1.00),
(1523, '2012-11-07', 15, 17, 1.00, 1.00),
(1524, '2012-11-07', 24, 10, 1.00, 1.00),
(1525, '2012-11-08', 371, 2, 6.00, 2.50),
(1526, '2012-11-08', 31, 15, 2.00, 1.00),
(1528, '2012-11-10', 376, 2, 6.00, 2.50),
(1529, '2012-11-12', 14, 14, 1.00, 0.33),
(1530, '2012-11-12', 26, 13, 1.00, 1.00),
(1531, '2012-11-12', 29, 23, 1.00, 1.00),
(1532, '2012-11-12', 25, 3, 1.00, 1.00),
(1533, '2012-11-12', 27, 5, 1.00, 1.00),
(1534, '2012-11-12', 46, 16, 1.00, 3.00),
(1535, '2012-11-12', 1360, 31, 4.00, 3.00),
(1536, '2012-11-13', 478, 2, 8.00, 2.50),
(1537, '2012-11-13', 46, 2, 1.00, 1.50),
(1538, '2012-11-13', 16, 16, 1.00, 1.00),
(1539, '2012-11-13', 30, 17, 2.00, 1.00),
(1540, '2012-11-13', 29, 15, 2.00, 1.00),
(1541, '2012-11-14', 551, 2, 9.00, 2.50),
(1542, '2012-11-14', 31, 15, 2.00, 1.00),
(1543, '2012-11-14', 30, 17, 2.00, 1.00),
(1544, '2012-11-15', -2, 2, 0.00, 0.00),
(1545, '2012-11-15', 520, 2, 7.00, 3.00),
(1546, '2012-11-15', 35, 16, 1.00, 2.00),
(1547, '2012-11-16', 587, 2, 8.00, 3.00),
(1548, '2012-11-16', 105, 16, 2.00, 3.00),
(1549, '2012-11-16', 28, 3, 1.00, 1.00),
(1550, '2012-11-16', 26, 28, 1.00, 1.00),
(1551, '2012-11-19', 406, 2, 6.00, 3.00),
(1552, '2012-11-19', -89, 2, 0.00, 0.00),
(1553, '2012-11-19', 72, 2, 1.00, 3.00),
(1554, '2012-11-19', 118, 16, 2.50, 3.00),
(1555, '2012-11-19', 5, 18, 0.50, 3.00),
(1556, '2012-11-19', 15, 15, 1.00, 1.00),
(1557, '2012-11-19', 5, 20, 1.50, 1.00),
(1558, '2012-11-19', 5, 17, 0.50, 1.00),
(1559, '2012-11-19', 18, 5, 1.00, 0.75),
(1560, '2012-11-20', 576, 2, 7.90, 3.00),
(1561, '2012-11-20', 35, 8, 0.10, 3.00),
(1562, '2012-11-20', 31, 15, 2.00, 1.00),
(1563, '2012-11-20', 54, 9, 2.00, 1.00),
(1564, '2012-11-20', 53, 3, 2.00, 1.00),
(1565, '2012-11-20', 57, 5, 2.00, 1.00),
(1566, '2012-11-21', 580, 2, 8.00, 3.00),
(1567, '2012-11-21', 28, 11, 1.00, 1.00),
(1568, '2012-11-21', 29, 12, 1.00, 1.00),
(1569, '2012-11-21', 25, 13, 1.00, 1.00),
(1570, '2012-11-21', 31, 15, 2.00, 1.00),
(1571, '2012-11-22', -1, 13, 0.00, 0.00),
(1572, '2012-11-22', 577, 2, 8.00, 3.00),
(1573, '2012-11-22', 55, 3, 2.00, 1.00),
(1574, '2012-11-22', 57, 5, 2.00, 1.00),
(1575, '2012-12-17', 515, 2, 7.00, 3.00),
(1576, '2012-12-18', 109, 16, 2.00, 3.00),
(1577, '2012-12-18', 36, 16, 1.00, 2.00),
(1578, '2012-12-12', 2795, 31, 8.00, 3.00),
(1579, '2012-12-06', 146, 2, 2.00, 3.00),
(1580, '2012-12-06', 76, 16, 2.00, 3.00),
(1581, '2012-12-06', 5, 18, 0.50, 3.00),
(1582, '2012-12-06', 45, 15, 3.00, 1.00),
(1583, '2012-12-06', 29, 17, 2.00, 1.00),
(1584, '2012-12-05', 361, 2, 5.00, 3.00),
(1585, '2012-12-05', 45, 17, 3.00, 1.00),
(1586, '2012-12-05', 62, 15, 4.00, 1.00),
(1587, '2012-11-27', 609, 2, 8.00, 3.00),
(1588, '2012-11-27', 52, 16, 1.00, 3.00),
(1589, '2012-11-27', 45, 15, 3.00, 1.00),
(1590, '2012-11-26', 431, 2, 6.00, 3.00),
(1591, '2012-11-26', 51, 8, 0.50, 3.00),
(1592, '2012-11-28', 592, 2, 8.00, 3.00),
(1593, '2012-11-28', 58, 23, 2.00, 1.00),
(1594, '2012-11-29', 362, 2, 5.00, 3.00),
(1595, '2012-11-29', 101, 16, 2.50, 3.00),
(1955, '2012-11-14', 114, 39, 1.00, 1.00),
(1597, '2012-11-29', 32, 15, 2.00, 1.00),
(1598, '2012-11-29', 6, 19, 2.00, 1.00),
(1599, '2012-11-30', 77, 15, 5.00, 1.00),
(1600, '2012-11-30', 56, 16, 1.00, 3.00),
(1601, '2012-12-14', 199, 2, 3.00, 3.00),
(1602, '2012-12-14', 52, 16, 1.00, 3.00),
(1603, '2012-12-14', 30, 15, 2.00, 1.00),
(1604, '2012-12-14', 31, 17, 2.00, 1.00),
(1605, '2012-12-14', 14, 14, 1.00, 0.50),
(1606, '2012-12-13', 286, 2, 4.00, 3.00),
(1607, '2012-12-13', 31, 15, 2.00, 1.00),
(1608, '2012-12-13', 84, 3, 3.00, 1.00),
(1609, '2012-12-13', 28, 5, 1.00, 1.00),
(1610, '2012-12-13', 100, 16, 2.00, 3.00),
(1611, '2012-12-04', 74, 2, 1.00, 3.00),
(1612, '2012-12-04', 46, 2, 1.00, 2.00),
(1613, '2012-12-04', 156, 16, 3.00, 3.00),
(1614, '2012-12-04', 57, 3, 2.00, 1.00),
(1615, '2012-12-04', 80, 9, 1.00, 3.00),
(1954, '2012-12-14', 37, 8, 1.00, 0.00),
(1617, '2012-11-24', 439, 2, 6.00, 3.00),
(1618, '2012-11-23', 589, 2, 8.00, 3.00),
(1619, '2013-01-31', 1240, 37, 5.00, 3.00),
(1620, '2013-01-31', 352, 31, 1.00, 3.00),
(1621, '2013-01-31', 219, 2, 4.00, 3.00),
(1622, '2013-01-30', 159, 16, 3.00, 3.00),
(1623, '2013-01-30', 152, 2, 2.00, 3.00),
(1624, '2013-01-30', 57, 3, 2.00, 1.00),
(1625, '2013-01-30', 31, 5, 1.00, 1.00),
(1626, '2013-01-29', 51, 11, 2.00, 1.00),
(1627, '2013-01-29', 79, 14, 3.00, 1.00),
(1628, '2013-01-29', 78, 9, 3.00, 1.00),
(1629, '2013-01-29', 26, 3, 1.00, 1.00),
(1630, '2013-01-29', 28, 5, 1.00, 1.00),
(1631, '2013-01-29', 45, 17, 3.00, 1.00),
(1632, '2013-01-25', 94, 2, 2.00, 2.00),
(1633, '2013-01-24', 292, 2, 4.00, 3.00),
(1634, '2013-01-24', 62, 15, 4.00, 1.00),
(1635, '2013-01-13', 62, 15, 4.00, 1.00),
(1636, '2013-01-23', 290, 2, 4.00, 3.00),
(1637, '2013-01-23', 52, 16, 1.00, 3.00),
(1638, '2013-01-23', 48, 17, 3.00, 1.00),
(1639, '2013-01-22', 99, 16, 2.00, 3.00),
(1640, '2013-01-22', 293, 2, 4.00, 3.00),
(1641, '2013-01-21', 46, 16, 1.00, 3.00),
(1642, '2013-01-21', 222, 2, 3.00, 3.00),
(1643, '2013-01-21', 15, 17, 1.00, 1.00),
(1644, '2013-01-21', 45, 2, 1.00, 2.00),
(1645, '2013-01-18', 520, 2, 7.00, 3.00),
(1646, '2013-01-18', 73, 14, 1.00, 1.00),
(1647, '2013-01-15', 217, 2, 3.00, 3.00),
(1648, '2013-01-15', 60, 15, 4.00, 1.00),
(1649, '2013-01-15', 26, 5, 1.00, 1.00),
(1650, '2013-01-15', 50, 16, 1.00, 3.00),
(1651, '2013-01-15', 34, 16, 1.00, 2.33),
(1652, '2013-01-15', 375, 21, 1.00, 1.00),
(1653, '2013-01-14', 47, 16, 1.00, 3.00),
(1654, '2013-01-14', 214, 2, 3.00, 3.00),
(1655, '2013-01-14', 48, 15, 3.00, 1.00),
(1656, '2013-02-27', 56, 3, 2.00, 1.00),
(1657, '2013-02-27', 30, 5, 1.00, 1.00),
(1658, '2013-02-26', 218, 2, 3.00, 3.00),
(1659, '2013-02-26', 104, 16, 2.00, 3.00),
(1660, '2013-01-26', 30, 15, 2.00, 1.00),
(1661, '2013-02-26', 24, 10, 1.00, 1.00),
(1662, '2013-02-26', 28, 12, 1.00, 1.00),
(1663, '2013-02-26', 26, 11, 1.00, 1.00),
(1664, '2013-02-25', 212, 2, 5.00, 3.00),
(1665, '2013-02-25', 33, 16, 1.00, 2.00),
(1666, '2013-02-25', 3, 19, 1.00, 1.00),
(1667, '2013-02-25', 3, 20, 1.00, 1.00),
(1668, '2013-02-25', 61, 15, 4.00, 1.00),
(1669, '2013-02-21', 369, 2, 5.00, 3.00),
(1670, '2013-02-21', 31, 15, 2.00, 1.00),
(1673, '2013-02-21', 29, 8, 1.00, 0.12),
(1672, '2013-02-21', 30, 5, 1.00, 1.00),
(1674, '2013-02-20', 265, 2, 4.00, 3.00),
(1675, '2013-02-20', 68, 16, 1.00, 3.00),
(1676, '2013-02-20', 29, 17, 2.00, 1.00),
(1677, '2013-02-20', 31, 3, 1.00, 1.00),
(1678, '2013-02-20', 28, 9, 1.00, 1.00),
(1679, '2013-02-19', 259, 2, 3.65, 3.00),
(1680, '2013-02-19', 116, 8, 0.35, 3.00),
(1681, '2013-02-19', 148, 16, 3.00, 3.00),
(1682, '2013-02-19', 48, 10, 2.00, 1.00),
(1685, '2013-02-08', 100, 39, 1.00, 1.00),
(1684, '2013-02-08', 100, 31, 1.00, 1.00),
(1686, '2013-02-07', 516, 2, 7.00, 3.00),
(1687, '2013-02-06', 105, 16, 2.00, 3.00),
(1688, '2013-02-06', 94, 3, 3.00, 1.00),
(1689, '2013-02-06', 28, 5, 1.00, 1.00),
(1690, '2013-02-06', 45, 15, 3.00, 1.00),
(1691, '2013-02-06', 16, 17, 1.00, 1.00),
(1692, '2013-02-05', 103, 16, 2.00, 3.00),
(1693, '2013-02-05', 292, 2, 4.00, 3.00),
(1694, '2013-02-05', 30, 15, 2.00, 1.00),
(1695, '2013-02-05', 30, 17, 2.00, 1.00),
(1696, '2013-03-28', 94, 15, 6.00, 1.00),
(1697, '2013-03-28', 3, 19, 1.00, 1.00),
(1698, '2013-03-28', 30, 17, 2.00, 1.00),
(1699, '2013-03-28', 29, 16, 1.00, 2.00),
(1700, '2013-03-26', 353, 3, 5.00, 3.00),
(1701, '2013-03-26', 362, 5, 5.00, 3.00),
(1702, '2013-03-26', 52, 16, 1.00, 3.00),
(1703, '2013-03-26', 1509, 35, 4.00, 3.00),
(1704, '2013-03-26', 1140, 34, 4.00, 3.00),
(1705, '2013-03-22', 448, 2, 6.00, 3.00),
(1706, '2013-03-22', 53, 9, 2.00, 1.00),
(1707, '2013-03-22', 28, 14, 1.00, 1.00),
(1708, '2013-03-22', 30, 17, 2.00, 1.00),
(1709, '2013-03-21', 456, 2, 6.00, 3.00),
(1710, '2013-03-21', 75, 15, 5.00, 1.00),
(1711, '2013-03-20', 256, 16, 5.00, 3.00),
(1712, '2013-03-20', 192, 2, 3.00, 3.00),
(1713, '2013-03-20', 71, 8, 0.28, 3.00),
(1714, '2013-03-20', 28, 3, 1.00, 1.00),
(1715, '2013-03-20', 75, 15, 5.00, 1.00),
(1716, '2013-03-22', 33, 23, 1.00, 1.00),
(1717, '2013-03-17', 501, 2, 7.00, 3.00),
(1718, '2013-03-17', 60, 15, 4.00, 1.00),
(1719, '2013-03-17', 31, 17, 2.00, 1.00),
(1720, '2013-03-15', 210, 2, 3.00, 3.00),
(1721, '2013-03-15', 29, 17, 2.00, 1.00),
(1722, '2013-03-15', 59, 3, 2.00, 1.00),
(1725, '2013-04-30', 515, 2, 7.00, 3.00),
(1724, '2013-03-15', 1078, 50, 4.00, 3.00),
(1726, '2013-04-30', 45, 15, 3.00, 1.00),
(1727, '2013-04-21', 443, 2, 8.00, 3.00),
(1728, '2013-04-26', 204, 2, 5.70, 3.00),
(1729, '2013-04-26', 73, 8, 0.30, 3.00),
(1730, '2013-04-25', 57, 16, 1.00, 3.00),
(1731, '2013-04-25', 146, 2, 2.00, 3.00),
(1732, '2013-04-25', 31, 15, 2.00, 1.00),
(1733, '2013-04-25', 27, 3, 1.00, 1.00),
(1734, '2013-04-25', 49, 9, 2.00, 1.00),
(1735, '2013-04-25', 28, 12, 1.00, 1.00),
(1736, '2013-04-24', 308, 2, 4.00, 3.00),
(1737, '2013-04-24', 156, 16, 3.00, 3.00),
(1738, '2013-04-24', 46, 15, 3.00, 1.00),
(1739, '2013-04-24', 30, 17, 2.00, 1.00),
(1740, '2013-04-23', 296, 2, 4.00, 3.00),
(1741, '2013-04-23', 29, 3, 1.00, 1.00),
(1742, '2013-04-23', 29, 5, 1.00, 1.00),
(1743, '2013-04-23', 26, 9, 1.00, 1.00),
(1744, '2013-04-23', 26, 11, 1.00, 1.00),
(1745, '2013-04-23', 30, 14, 1.00, 1.00),
(1746, '2013-04-18', 297, 2, 4.00, 3.00),
(1747, '2013-04-18', 52, 16, 1.00, 3.00),
(1748, '2013-04-18', 55, 3, 2.00, 1.00),
(1749, '2013-04-18', 15, 15, 1.00, 1.00),
(1750, '2013-04-18', 25, 9, 1.00, 1.00),
(1751, '2013-04-19', 75, 15, 5.00, 1.00),
(1752, '2013-04-19', 25, 9, 1.00, 1.00),
(1753, '2013-04-19', 27, 14, 1.00, 1.00),
(1754, '2013-04-19', 46, 2, 0.60, 3.00),
(1755, '2013-04-19', 101, 8, 0.40, 3.00),
(1756, '2013-04-19', 27, 12, 1.00, 1.00),
(1757, '2013-04-17', 101, 16, 2.00, 3.00),
(1758, '2013-04-17', 3, 18, 1.00, 1.00),
(1759, '2013-04-17', 73, 2, 1.00, 3.00),
(1760, '2013-04-17', 14, 17, 1.00, 1.00),
(1761, '2013-04-17', 9, 20, 3.00, 1.00),
(1762, '2013-04-17', 3, 19, 1.00, 1.00),
(1763, '2013-04-16', 345, 2, 4.60, 3.00),
(1764, '2013-04-16', 73, 8, 0.40, 3.00),
(1765, '2013-04-16', 50, 16, 1.00, 3.00),
(1766, '2013-04-16', 30, 17, 2.00, 1.00),
(1767, '2013-04-16', 15, 15, 1.00, 1.00),
(1768, '2013-04-12', 103, 16, 1.00, 3.00),
(1769, '2013-04-12', 117, 2, 1.60, 3.00),
(1770, '2013-04-12', 102, 8, 0.40, 3.00),
(1771, '2013-04-12', 26, 14, 1.00, 1.00),
(1772, '2013-04-11', 366, 2, 5.00, 3.00),
(1773, '2013-04-11', 26, 9, 1.00, 1.00),
(1774, '2013-04-10', 157, 16, 3.00, 3.00),
(1775, '2013-04-10', 220, 2, 3.00, 3.00),
(1776, '2013-04-10', 60, 15, 4.00, 1.00),
(1777, '2013-04-09', 300, 2, 4.00, 3.00),
(1778, '2013-04-09', 46, 15, 3.00, 1.00),
(1779, '2013-04-09', 18, 16, 1.00, 1.00),
(1780, '2013-04-05', 62, 2, 0.86, 3.00),
(1781, '2013-04-03', 285, 2, 4.00, 3.00),
(1782, '2013-04-03', 49, 16, 1.00, 3.00),
(1783, '2013-04-03', 54, 3, 2.00, 1.00),
(1784, '2013-04-03', 58, 5, 2.00, 1.00),
(1785, '2013-04-03', 30, 15, 2.00, 1.00),
(1786, '2013-04-02', 150, 16, 3.00, 3.00),
(1787, '2013-04-02', 194, 2, 2.70, 3.00),
(1788, '2013-04-02', 104, 8, 0.40, 3.00),
(1789, '2013-04-02', 27, 5, 1.00, 1.00),
(1790, '2013-04-02', 15, 15, 1.00, 1.00),
(1791, '2013-04-02', 14, 17, 1.00, 1.00),
(1792, '2013-05-31', 529, 2, 7.00, 3.00),
(1793, '2013-05-31', 55, 16, 1.00, 3.00),
(1794, '2013-05-30', 457, 2, 6.00, 3.00),
(1795, '2013-05-30', 26, 3, 1.00, 1.00),
(1796, '2013-05-30', 25, 9, 1.00, 1.00),
(1797, '2013-05-30', 30, 17, 1.00, 1.00),
(1798, '2013-05-30', 30, 15, 1.00, 1.00),
(1799, '2013-05-30', 78, 16, 1.55, 3.00),
(1800, '2013-05-30', 5, 18, 0.45, 3.00),
(1801, '2013-05-29', 608, 2, 8.00, 3.00),
(1802, '2013-05-29', 50, 15, 3.30, 1.00),
(1803, '2013-05-29', 5, 19, 1.60, 1.00),
(1804, '2013-05-28', 606, 2, 8.00, 3.00),
(1805, '2013-05-28', 29, 15, 2.00, 1.00),
(1806, '2013-05-28', 36, 17, 2.00, 1.00),
(1807, '2013-05-27', 382, 2, 6.00, 3.00),
(1808, '2013-05-24', 35, 16, 1.00, 2.00),
(1809, '2013-05-24', 26, 2, 0.55, 2.00),
(1810, '2013-05-24', 102, 8, 0.45, 2.00),
(1811, '2013-05-22', 335, 2, 4.50, 3.00),
(1812, '2013-05-22', 123, 8, 0.50, 3.00),
(1813, '2013-05-22', 27, 3, 1.00, 1.00),
(1814, '2013-05-22', 29, 5, 1.00, 1.00),
(1815, '2013-05-22', 25, 9, 1.00, 1.00),
(1816, '2013-05-22', 27, 11, 1.00, 1.00),
(1817, '2013-05-22', 29, 14, 1.00, 1.00),
(1818, '2013-05-21', 213, 2, 3.00, 3.00),
(1819, '2013-05-21', 152, 16, 3.00, 3.00),
(1820, '2013-05-21', 27, 3, 1.00, 1.00),
(1821, '2013-05-21', 29, 5, 1.00, 1.00),
(1822, '2013-05-21', 26, 9, 1.00, 1.00),
(1823, '2013-05-21', 29, 14, 1.00, 1.00),
(1824, '2013-05-20', 223, 2, 3.00, 3.00),
(1825, '2013-05-20', 31, 17, 2.00, 1.00),
(1826, '2013-05-20', 76, 15, 5.00, 1.00),
(1827, '2013-05-20', 14, 18, 1.40, 3.00),
(1828, '2013-05-20', 31, 16, 0.60, 3.00),
(1829, '2013-05-17', 222, 2, 3.00, 3.00),
(1830, '2013-05-17', 30, 17, 2.00, 1.00),
(1831, '2013-05-17', 25, 14, 1.00, 1.00),
(1832, '2013-05-16', 29, 15, 2.00, 1.00),
(1833, '2013-05-15', 149, 16, 3.00, 3.00),
(1834, '2013-05-15', 144, 2, 2.00, 3.00),
(1835, '2013-05-15', 15, 17, 1.00, 1.00),
(1836, '2013-05-15', 27, 9, 1.00, 1.00),
(1837, '2013-05-15', 30, 15, 2.00, 1.00),
(1838, '2013-05-15', 33, 23, 1.00, 1.00),
(1839, '2013-05-14', 217, 3, 3.00, 3.00),
(1840, '2013-05-14', 256, 5, 3.00, 3.00),
(1841, '2013-05-14', 71, 2, 1.00, 3.00),
(1842, '2013-05-13', 437, 2, 7.00, 3.00),
(1843, '2013-05-13', 45, 15, 3.00, 1.00),
(1844, '2013-05-10', 102, 16, 2.00, 3.00),
(1845, '2013-05-10', 54, 3, 2.00, 1.00),
(1846, '2013-05-10', 31, 17, 2.00, 1.00),
(1847, '2013-05-10', 146, 2, 2.00, 3.00),
(1848, '2013-05-10', 23, 8, 0.09, 3.00),
(1849, '2013-05-06', 514, 2, 7.00, 3.00),
(1850, '2013-05-08', 27, 28, 1.00, 1.00),
(1851, '2013-05-08', 31, 15, 2.00, 1.00),
(1852, '2013-05-08', 95, 16, 2.00, 3.00),
(1853, '2013-05-08', 191, 2, 2.65, 3.00),
(1854, '2013-05-08', 85, 8, 0.35, 3.00),
(1855, '2013-05-07', 325, 3, 4.00, 3.00),
(1856, '2013-05-07', 332, 5, 4.00, 3.00),
(1857, '2013-05-07', 46, 15, 3.00, 1.00),
(1858, '2013-05-07', 35, 23, 1.00, 1.00),
(1859, '2013-05-07', 110, 39, 1.00, 1.00),
(1860, '2013-05-03', 36, 16, 1.00, 2.00),
(1861, '2013-05-03', 55, 3, 2.00, 1.00),
(1862, '2013-05-03', 56, 5, 2.00, 1.00),
(1863, '2013-05-03', 6, 19, 2.00, 1.00),
(1864, '2013-05-03', 46, 15, 3.00, 1.00),
(1865, '2013-05-03', 144, 2, 2.00, 3.00),
(1866, '2013-05-03', 15, 17, 1.00, 1.00),
(1867, '2013-05-02', 165, 16, 3.00, 3.00),
(1868, '2013-05-02', 45, 15, 3.00, 1.00),
(1869, '2013-05-02', 29, 17, 2.00, 1.00),
(1870, '2013-05-02', 51, 11, 2.00, 1.00),
(1871, '2013-05-02', 50, 14, 2.00, 1.00),
(1872, '2013-05-02', 142, 2, 2.00, 3.00),
(1873, '2013-05-17', 146, 16, 3.00, 3.00),
(1874, '2013-06-17', 221, 2, 3.00, 3.00),
(1875, '2013-06-17', 55, 3, 1.00, 1.00),
(1876, '2013-06-17', 55, 5, 1.00, 1.00),
(1877, '2013-06-17', 33, 23, 1.00, 1.00),
(1878, '2013-06-14', 109, 16, 2.00, 3.00),
(1879, '2013-06-14', 115, 2, 1.60, 3.00),
(1880, '2013-06-14', 105, 8, 0.40, 3.00),
(1881, '2013-06-14', 25, 9, 1.00, 1.00),
(1882, '2013-06-14', 28, 14, 1.00, 1.00),
(1883, '2013-06-14', 14, 17, 1.00, 1.00),
(1884, '2013-06-13', 440, 2, 6.00, 3.00),
(1885, '2013-06-13', 30, 14, 1.00, 1.00),
(1886, '2013-06-13', 24, 9, 1.00, 1.00),
(1887, '2013-06-13', 27, 3, 1.00, 1.00),
(1888, '2013-06-13', 30, 15, 2.00, 1.00),
(1889, '2013-06-13', 45, 17, 3.00, 1.00),
(1890, '2013-06-13', 100, 67, 1.00, 1.00),
(1891, '2013-06-12', 592, 2, 8.00, 3.00),
(1892, '2013-06-12', 30, 17, 2.00, 1.00),
(1893, '2013-06-10', 102, 16, 2.00, 3.00),
(1894, '2013-06-10', 373, 2, 5.00, 3.00),
(1895, '2013-06-10', 91, 15, 6.00, 1.00),
(1896, '2013-06-06', 344, 2, 4.70, 3.00),
(1897, '2013-06-06', 74, 8, 0.30, 3.00),
(1898, '2013-06-06', 152, 16, 3.00, 3.00),
(1899, '2013-06-06', 26, 9, 1.00, 1.00),
(1900, '2013-06-05', 583, 2, 8.00, 3.00),
(1901, '2013-06-05', 44, 15, 3.00, 1.00),
(1902, '2013-06-05', 14, 17, 1.00, 1.00),
(1903, '2013-06-05', 53, 3, 2.00, 1.00),
(1904, '2013-06-04', 99, 16, 2.00, 3.00),
(1905, '2013-06-04', 25, 11, 1.00, 1.00),
(1906, '2013-06-04', 27, 12, 1.00, 1.00),
(1907, '2013-06-03', 599, 2, 8.00, 3.00),
(1908, '2013-06-03', 26, 9, 1.00, 1.00),
(1909, '2013-06-03', 46, 15, 3.00, 1.00),
(1910, '2013-06-18', 50, 16, 1.00, 3.00),
(1911, '2013-06-18', 75, 15, 5.00, 1.00),
(1912, '2013-06-18', 46, 9, 1.00, 2.00),
(1913, '2013-06-18', 58, 11, 1.00, 2.00),
(1914, '2013-06-18', 61, 14, 1.00, 2.00),
(1915, '2013-06-18', 46, 17, 3.00, 1.00),
(1916, '2013-06-18', 148, 2, 2.00, 3.00),
(1917, '2013-06-20', 263, 2, 3.60, 3.00),
(1918, '2013-06-20', 102, 8, 0.40, 3.00),
(1919, '2013-06-20', 74, 17, 5.00, 1.00),
(1920, '2013-06-20', 15, 15, 1.00, 1.00),
(1921, '2013-06-20', 56, 3, 2.00, 1.00),
(1922, '2013-06-20', 26, 12, 1.00, 1.00),
(1923, '2013-06-20', 34, 16, 0.70, 3.00),
(1924, '2013-06-20', 3, 18, 0.30, 3.00),
(1925, '2013-06-07', 352, 2, 4.70, 3.00),
(1926, '2013-06-07', 61, 8, 0.30, 3.00),
(1927, '2013-06-07', 60, 15, 4.00, 1.00),
(1928, '2013-06-19', 73, 2, 1.00, 3.00),
(1929, '2013-03-13', 35, 16, 1.00, 2.00),
(1936, '2012-02-23', 42, 15, 3.00, 1.00),
(1937, '2013-02-23', 15, 17, 1.00, 1.00),
(1938, '2013-02-23', 99, 16, 2.00, 3.00),
(1939, '2012-02-23', 100, 2, 2.00, 2.00),
(1940, '2012-04-16', 268, 2, 5.70, 2.00),
(1942, '2012-04-27', 479, 2, 10.00, 2.00),
(1943, '2013-04-26', 197, 2, 4.00, 2.00),
(1944, '2012-04-26', 51, 11, 1.00, 2.00),
(1945, '2012-04-26', 26, 3, 1.00, 1.00),
(1946, '2012-04-26', 121, 15, 4.00, 2.00),
(1947, '2012-06-25', 132, 16, 4.00, 2.00),
(1948, '2012-04-25', 90, 15, 3.00, 2.00),
(1949, '2012-04-25', 97, 2, 2.00, 2.00),
(1950, '2012-04-25', 28, 3, 1.00, 1.00),
(1951, '2012-04-25', 52, 9, 1.00, 2.00),
(1952, '2012-05-02', 54, 3, 1.00, 2.00),
(1956, '2012-12-10', 446, 2, 6.00, 3.00),
(1957, '2012-12-10', 29, 3, 1.00, 1.00),
(1958, '2012-12-10', 20, 5, 1.00, 0.70),
(1959, '2012-12-10', 24, 10, 1.00, 1.00),
(1960, '2012-12-10', 27, 11, 1.00, 1.00),
(1961, '2012-12-20', 418, 2, 6.00, 3.00),
(1962, '2012-12-20', 31, 8, 1.00, 0.00),
(1963, '2012-12-20', 57, 3, 1.00, 2.00),
(1964, '2012-12-20', 55, 5, 1.00, 2.00),
(1965, '2012-12-20', 46, 15, 3.00, 1.00),
(1966, '2012-12-20', 59, 17, 4.00, 1.00),
(1967, '2012-12-21', 45, 17, 3.00, 1.00),
(1968, '2012-12-21', 84, 3, 1.00, 3.00),
(1969, '2012-12-21', 28, 5, 1.00, 1.00),
(1970, '2012-12-21', 97, 9, 2.00, 2.00),
(1971, '2012-12-21', 52, 11, 1.00, 2.00),
(1972, '2012-12-21', 50, 12, 1.00, 2.00),
(1973, '2012-12-21', 52, 13, 1.00, 2.00),
(1974, '2012-12-21', 50, 23, 1.00, 2.00),
(1975, '2012-12-26', 100, 67, 1.00, 1.00),
(1976, '2012-12-26', 201, 16, 4.00, 3.00),
(1977, '2012-12-26', 32, 15, 2.00, 1.00),
(1978, '2012-12-26', 143, 2, 2.00, 3.00),
(1979, '2012-12-27', 2740, 31, 8.00, 3.00),
(1980, '2012-12-28', 49, 16, 1.00, 3.00),
(1981, '2012-12-28', 207, 2, 3.00, 3.00),
(1982, '2012-12-28', 154, 15, 10.00, 1.00),
(1983, '2012-12-28', 5, 20, 2.00, 1.00),
(1984, '2012-12-28', 65, 17, 2.00, 2.00),
(1985, '2012-12-29', 5, 19, 2.00, 1.00),
(1986, '2012-12-29', 50, 15, 3.00, 1.00),
(1990, '2013-06-21', 26, 28, 1.00, 1.00),
(1991, '2013-06-21', 1, 3, 0.00, 0.00),
(2001, '2013-06-21', 120, 39, 1.00, 1.00),
(1993, '2013-06-23', 513, 2, 7.00, 3.00),
(1994, '2013-06-23', 46, 15, 3.00, 1.00),
(1995, '2013-06-23', 105, 31, 1.00, 1.00),
(1996, '2013-06-25', 403, 2, 5.60, 3.00),
(1997, '2013-06-25', 106, 8, 0.40, 3.00),
(1998, '2013-06-25', 30, 15, 2.00, 1.00),
(1999, '2013-06-25', 56, 3, 2.00, 1.00),
(2000, '2013-06-25', 56, 5, 2.00, 1.00),
(2002, '2013-03-12', 504, 2, 7.00, 3.00),
(2003, '2013-03-12', 31, 15, 2.00, 1.00),
(2004, '2013-03-12', 23, 10, 1.00, 1.00),
(2005, '2013-03-12', 28, 14, 1.00, 1.00),
(2006, '2013-07-16', 297, 2, 4.00, 3.00),
(2007, '2013-07-16', 59, 17, 4.00, 1.00),
(2008, '2013-07-16', 55, 3, 2.00, 1.00),
(2009, '2013-07-16', 28, 14, 1.00, 1.00),
(2010, '2013-07-15', 147, 2, 2.00, 3.00),
(2011, '2013-07-15', 48, 16, 1.00, 3.00),
(2012, '2013-07-15', -1, 2, 0.00, 0.00),
(2013, '2013-07-01', 218, 2, 3.00, 3.00),
(2014, '2013-07-02', 411, 2, 5.50, 3.00),
(2298, '2013-05-28', -1, 2, 0.00, 0.00),
(2016, '2013-07-02', 103, 8, 0.50, 3.00),
(2017, '2013-07-02', 76, 15, 5.00, 1.00),
(2299, '2013-05-27', -1, 2, 0.00, 0.00),
(2019, '2013-07-02', 16, 17, 1.00, 1.00),
(2020, '2013-07-02', 24, 10, 1.00, 1.00),
(2021, '2013-07-03', 202, 16, 4.00, 3.00),
(2022, '2013-07-03', 148, 2, 2.00, 3.00),
(2023, '2013-07-03', 56, 3, 2.00, 1.00),
(2024, '2013-07-03', 23, 10, 1.00, 1.00),
(2025, '2013-07-04', 68, 2, 1.00, 3.00),
(2026, '2013-07-04', 53, 2, 1.00, 2.00),
(2027, '2013-07-05', 202, 2, 2.90, 3.00),
(2028, '2013-07-05', 12, 8, 0.10, 3.00),
(2029, '2013-07-05', 46, 17, 3.00, 1.00),
(2030, '2013-07-05', 53, 16, 1.00, 3.00),
(2031, '2013-07-05', 32, 15, 2.00, 1.00),
(2032, '2013-07-08', 376, 2, 5.00, 3.00),
(2033, '2013-07-08', 45, 17, 3.00, 1.00),
(2034, '2013-07-08', 15, 15, 1.00, 1.00),
(2035, '2013-07-08', 65, 23, 2.00, 1.00),
(2036, '2013-07-08', 26, 9, 1.00, 1.00),
(2037, '2013-07-09', 52, 16, 1.00, 3.00),
(2038, '2013-07-09', 222, 2, 3.00, 3.00),
(2039, '2013-07-09', 57, 3, 2.00, 1.00),
(2040, '2013-07-09', 30, 5, 1.00, 1.00),
(2041, '2013-07-09', 24, 10, 1.00, 1.00),
(2042, '2013-07-09', 26, 11, 1.00, 1.00),
(2043, '2013-07-10', 145, 2, 2.00, 3.00),
(2044, '2013-07-10', 178, 16, 3.50, 3.00),
(2045, '2013-07-10', 5, 18, 0.50, 3.00),
(2046, '2013-07-10', 52, 15, 3.50, 1.00),
(2047, '2013-07-10', 5, 19, 1.50, 1.00),
(2048, '2013-07-10', 30, 14, 1.00, 1.00),
(2297, '2013-05-31', -2, 2, 0.00, 0.00),
(2050, '2013-07-11', 217, 2, 2.80, 3.00),
(2051, '2013-07-11', 27, 8, 0.20, 3.00),
(2052, '2013-07-11', 56, 5, 2.00, 1.00),
(2053, '2013-07-11', 25, 10, 1.00, 1.00),
(2054, '2013-07-11', 25, 11, 1.00, 1.00),
(2055, '2013-07-11', 28, 12, 1.00, 1.00),
(2056, '2013-07-11', 27, 28, 1.00, 1.00),
(2057, '2013-07-11', 1, 3, 0.00, 0.00),
(2058, '2013-07-12', 54, 16, 1.00, 3.00),
(2059, '2013-07-12', 294, 2, 4.00, 3.00),
(2060, '2013-07-12', 53, 23, 1.50, 1.00),
(2061, '2013-07-12', -1, 7, 0.00, 0.00),
(2062, '2013-07-12', -2, 16, 0.00, 0.00),
(2308, '2013-10-14', 2, 19, 0.80, 1.00),
(2307, '2013-10-14', 57, 3, 2.00, 1.00),
(2338, '2013-10-03', -760, 70, 0.00, 0.00),
(2066, '2013-06-26', 158, 16, 3.00, 3.00),
(2067, '2013-06-26', 138, 2, 2.00, 3.00),
(2068, '2013-06-26', 45, 15, 3.00, 1.00),
(2069, '2013-06-27', 31, 16, 1.00, 2.00),
(2300, '2013-05-07', -1, 5, 0.00, 0.00),
(2071, '2013-06-27', 44, 17, 3.00, 1.00),
(2072, '2013-06-27', 24, 9, 1.00, 1.00),
(2073, '2013-06-27', 55, 3, 2.00, 1.00),
(2074, '2013-06-27', 28, 5, 1.00, 1.00),
(2075, '2013-07-17', 40, 3, 1.50, 1.00),
(2076, '2013-07-17', 14, 28, 0.50, 1.00),
(2296, '2013-06-03', -4, 2, 0.00, 0.00),
(2078, '2013-07-17', 28, 5, 1.00, 1.00),
(2079, '2013-07-17', 26, 11, 1.00, 1.00),
(2080, '2013-07-22', 60, 15, 4.00, 1.00),
(2081, '2013-07-22', 23, 10, 1.00, 1.00),
(2082, '2013-07-22', 25, 12, 1.00, 1.00),
(2084, '2013-07-22', 1089, 70, 3.00, 3.00),
(2085, '2013-07-23', 140, 2, 2.00, 3.00),
(2086, '2013-07-23', 54, 16, 1.00, 3.00),
(2087, '2013-07-24', 151, 2, 2.00, 3.00),
(2088, '2013-07-24', 175, 16, 3.00, 3.00),
(2089, '2013-07-24', 55, 3, 2.00, 1.00),
(2090, '2013-07-24', 125, 21, 1.00, 1.00),
(2091, '2013-07-24', 17, 15, 1.00, 1.00),
(2092, '2013-07-25', 71, 2, 1.00, 3.00),
(2093, '2013-07-26', 302, 2, 4.00, 3.00),
(2094, '2013-07-26', 54, 15, 4.00, 1.00),
(2095, '2013-07-26', 4, 19, 1.00, 1.00),
(2096, '2013-07-29', 1690, 37, 7.00, 3.00),
(2097, '2013-07-30', 117, 2, 1.50, 3.00),
(2098, '2013-07-30', 142, 8, 0.50, 3.00),
(2099, '2013-07-30', 79, 16, 2.00, 3.00),
(2100, '2013-07-30', 28, 5, 1.00, 1.00),
(2101, '2013-07-30', 76, 15, 5.00, 1.00),
(2102, '2013-07-31', -1, 15, 0.00, 0.00),
(2103, '2013-07-31', -1, 16, 0.00, 0.00),
(2104, '2013-07-31', 60, 15, 4.00, 1.00),
(2304, '2013-10-10', 111, 16, 2.00, 3.00),
(2106, '2013-08-01', 14, 15, 1.00, 1.00),
(2107, '2013-08-01', 27, 3, 1.00, 1.00),
(2108, '2013-08-01', 25, 11, 1.00, 1.00),
(2109, '2013-08-05', 144, 2, 2.00, 3.00),
(2110, '2013-08-05', 27, 5, 1.00, 1.00),
(2111, '2013-08-05', 154, 16, 3.00, 3.00),
(2112, '2013-08-05', -5, 16, 0.00, 0.00),
(2113, '2013-08-06', 445, 2, 6.00, 3.00),
(2114, '2013-08-06', 31, 14, 1.00, 1.00),
(2115, '2013-08-06', 47, 15, 3.00, 1.00),
(2116, '2013-08-07', 296, 2, 4.00, 3.00),
(2117, '2013-08-07', 132, 16, 2.50, 3.00),
(2118, '2013-08-07', 5, 18, 0.50, 3.00),
(2119, '2013-08-07', 120, 67, 1.00, 1.20),
(2120, '2013-08-08', 28, 3, 1.00, 1.00),
(2121, '2013-08-08', 24, 10, 1.00, 1.00),
(2122, '2013-08-09', 1064, 39, 3.00, 3.00),
(2123, '2013-08-12', 155, 16, 3.00, 3.00),
(2124, '2013-08-12', 11, 22, 1.00, 1.00),
(2125, '2013-08-12', 25, 9, 1.00, 1.00),
(2126, '2013-08-12', 30, 12, 1.00, 1.00),
(2127, '2013-08-12', 44, 15, 3.00, 1.00),
(2339, '2013-09-30', -145, 2, 0.00, 0.00),
(2129, '2013-08-13', 374, 2, 5.00, 3.00),
(2130, '2013-08-13', 56, 3, 2.00, 1.00),
(2131, '2013-08-13', 62, 14, 2.00, 1.00),
(2132, '2013-08-13', 15, 15, 1.00, 1.00),
(2133, '2013-08-14', 249, 2, 3.50, 3.00),
(2134, '2013-08-14', 165, 8, 0.50, 3.00),
(2135, '2013-08-14', 50, 16, 1.00, 3.00),
(2136, '2013-08-14', 43, 15, 3.00, 1.00),
(2137, '2013-08-15', 75, 15, 5.00, 1.00),
(2138, '2013-08-15', 28, 5, 1.00, 1.00),
(2139, '2013-08-15', 25, 11, 1.00, 1.00),
(2140, '2013-08-19', 151, 2, 2.00, 3.00),
(2141, '2013-08-20', 55, 16, 1.00, 3.00),
(2142, '2013-08-20', 154, 2, 2.00, 3.00),
(2143, '2013-08-20', 91, 15, 6.00, 1.00),
(2144, '2013-08-20', 300, 70, 2.00, 0.50),
(2145, '2013-08-21', 55, 3, 2.00, 1.00),
(2303, '2013-10-10', 40, 8, 0.20, 3.00),
(2147, '2013-08-21', 29, 5, 1.00, 1.00),
(2148, '2013-08-21', 32, 9, 1.00, 1.00),
(2149, '2013-08-21', 30, 15, 2.00, 1.00),
(2150, '2013-08-21', 16, 16, 1.00, 1.00),
(2302, '2013-10-10', 55, 2, 0.80, 3.00),
(2152, '2013-08-22', 77, 15, 5.00, 1.00),
(2153, '2013-08-22', 8, 19, 3.00, 1.00),
(2154, '2013-08-22', 16, 16, 1.00, 1.00),
(2155, '2013-08-22', 3, 18, 1.00, 1.00),
(2156, '2013-08-23', 87, 15, 6.00, 1.00),
(2157, '2013-08-23', 33, 16, 1.00, 2.00),
(2158, '2013-08-23', 25, 5, 1.00, 1.00),
(2159, '2013-08-28', -1, 15, 0.00, 0.00),
(2160, '2013-08-27', 159, 16, 3.00, 3.00),
(2161, '2013-08-27', 29, 15, 2.00, 1.00),
(2162, '2013-08-29', 299, 2, 4.00, 3.00),
(2163, '2013-08-29', 27, 9, 1.00, 1.00),
(2337, '2013-10-03', -235, 37, 0.00, 0.00),
(2165, '2013-08-29', 55, 3, 2.00, 1.00),
(2166, '2013-08-29', 113, 39, 1.00, 1.00),
(2167, '2013-08-30', 289, 2, 4.00, 3.00),
(2168, '2013-09-02', 299, 2, 4.00, 3.00),
(2169, '2013-09-02', 30, 15, 2.00, 1.00),
(2170, '2013-09-03', 74, 15, 5.00, 1.00),
(2171, '2013-09-03', 46, 2, 0.50, 3.00),
(2172, '2013-09-03', 100, 8, 0.50, 3.00),
(2356, '2013-10-31', 30, 15, 2.00, 1.00),
(2174, '2013-09-03', 84, 16, 1.50, 3.00),
(2328, '2013-09-30', -4, 39, 0.00, 0.00),
(2176, '2013-09-03', 5, 18, 0.50, 3.00),
(2177, '2013-09-04', 57, 5, 2.00, 1.00),
(2178, '2013-09-04', 26, 9, 1.00, 1.00),
(2179, '2013-09-04', 27, 28, 1.00, 1.00),
(2180, '2013-09-04', 71, 23, 2.00, 2.00),
(2183, '2013-09-12', 29, 2, 0.25, 3.00),
(2182, '2013-09-04', 286, 41, 2.00, 0.50),
(2184, '2013-09-12', 152, 8, 0.75, 3.00),
(2185, '2013-09-12', 76, 15, 5.00, 1.00),
(2186, '2013-09-12', 27, 3, 1.00, 1.00),
(2187, '2013-09-12', 28, 5, 1.00, 1.00),
(2188, '2013-09-12', 3, 18, 0.50, 2.00),
(2189, '2013-09-12', 20, 16, 0.50, 2.00),
(2190, '2013-09-11', 110, 16, 2.00, 3.00),
(2191, '2013-09-11', 73, 2, 1.00, 3.00),
(2192, '2013-09-11', 29, 3, 1.00, 1.00),
(2193, '2013-09-10', 50, 16, 1.00, 3.00),
(2194, '2013-09-09', 55, 16, 1.00, 3.00),
(2195, '2013-09-09', 218, 2, 3.00, 3.00),
(2196, '2013-09-13', -3, 8, 0.00, 0.00),
(2197, '2013-09-06', 294, 2, 4.00, 3.00),
(2198, '2013-09-06', 27, 9, 1.00, 1.00),
(2199, '2013-09-06', 28, 11, 1.00, 1.00),
(2201, '2013-09-05', 140, 31, 1.00, 1.00),
(2202, '2013-09-05', 56, 14, 2.00, 1.00),
(2203, '2013-09-05', 105, 15, 7.00, 1.00),
(2204, '2013-09-13', -1, 12, 0.00, 0.00),
(2205, '2013-09-13', -1, 11, 0.00, 0.00),
(2206, '2013-09-13', 58, 15, 4.00, 1.00),
(2207, '2013-09-13', 28, 3, 1.00, 1.00),
(2208, '2013-09-13', 28, 5, 1.00, 1.00),
(2209, '2013-09-13', 26, 9, 1.00, 1.00),
(2210, '2013-09-13', 28, 12, 1.00, 1.00),
(2211, '2013-09-13', 106, 16, 2.00, 3.00),
(2212, '2013-09-17', -12, 16, 0.00, 0.00),
(2213, '2013-09-17', 89, 15, 6.00, 1.00),
(2214, '2013-09-18', 26, 9, 1.00, 1.00),
(2215, '2013-09-18', 29, 11, 1.00, 1.00),
(2216, '2013-09-18', 30, 14, 1.00, 1.00),
(2326, '2013-09-30', -20, 51, 0.00, 0.00),
(2218, '2013-09-18', 91, 23, 3.00, 1.00),
(2219, '2013-09-18', 60, 15, 4.00, 1.00),
(2220, '2013-09-19', 71, 57, 3.00, 1.00),
(2221, '2013-09-19', 26, 3, 1.00, 1.00),
(2222, '2013-09-19', 57, 9, 2.00, 1.00),
(2223, '2013-09-19', 49, 16, 1.00, 2.00),
(2224, '2013-09-20', 48, 57, 2.00, 1.00),
(2225, '2013-09-20', 28, 3, 1.00, 1.00),
(2226, '2013-09-20', 76, 15, 5.00, 1.00),
(2227, '2013-09-20', 50, 16, 1.00, 2.00),
(2228, '2013-09-23', -1, 10, 0.00, 0.00),
(2229, '2013-09-24', 26, 3, 1.00, 1.00),
(2230, '2013-09-24', 6, 15, 2.00, 1.00),
(2231, '2013-09-24', 58, 15, 4.00, 1.00),
(2234, '2013-09-24', 7, 18, 0.67, 3.00),
(2233, '2013-09-24', 16, 16, 0.33, 3.00),
(2235, '2013-09-24', 343, 67, 3.00, 1.20),
(2236, '2013-09-25', 267, 8, 1.00, 3.00),
(2237, '2013-09-25', 104, 16, 2.00, 3.00),
(2238, '2013-09-25', 29, 15, 2.00, 1.00),
(2239, '2013-09-26', -3, 8, 0.00, 0.00),
(2240, '2013-09-26', 149, 15, 10.00, 1.00),
(2241, '2013-09-26', 55, 11, 1.00, 2.00),
(2242, '2013-09-26', 74, 2, 1.00, 3.00),
(2243, '2013-09-30', 108, 16, 2.00, 3.00),
(2244, '2013-09-30', 56, 3, 2.00, 1.00),
(2245, '2013-09-30', 55, 5, 2.00, 1.00),
(2246, '2013-09-30', 75, 15, 5.00, 1.00),
(2247, '2013-01-23', 62, 15, 4.00, 1.00),
(2248, '2013-02-22', 1705, 70, 6.50, 3.00),
(2249, '2013-02-26', 30, 15, 2.00, 1.00),
(2250, '2013-01-18', -2, 2, 0.00, 0.00),
(2251, '2013-10-02', 30, 15, 2.00, 1.00),
(2252, '2013-10-02', 3, 19, 1.00, 1.00),
(2253, '2013-10-02', 75, 2, 1.00, 3.00),
(2254, '2013-10-02', 1040, 31, 3.00, 3.00),
(2255, '2013-10-02', 75, 31, 1.00, 0.20),
(2256, '2013-03-01', 100, 16, 2.00, 3.00),
(2257, '2013-03-01', 293, 2, 4.00, 3.00),
(2258, '2013-03-01', 52, 9, 2.00, 1.00),
(2259, '2013-03-01', 30, 15, 2.00, 1.00),
(2260, '2013-03-04', 101, 16, 2.00, 3.00),
(2261, '2013-03-04', 271, 2, 3.70, 3.00),
(2262, '2013-03-04', 89, 8, 0.30, 3.00),
(2263, '2013-03-04', 47, 15, 3.00, 1.00),
(2264, '2013-03-04', 30, 5, 1.00, 1.00),
(2265, '2013-03-04', 24, 10, 1.00, 1.00),
(2266, '2013-03-05', 282, 2, 3.80, 3.00),
(2267, '2013-03-05', 51, 8, 0.20, 3.00),
(2268, '2013-03-05', 66, 16, 1.00, 3.50),
(2269, '2013-03-05', 6, 18, 1.00, 2.00),
(2270, '2013-03-06', 50, 16, 1.00, 3.00),
(2271, '2013-03-06', 444, 2, 6.00, 3.00),
(2272, '2013-03-06', 30, 17, 2.00, 1.00),
(2273, '2013-03-06', 32, 3, 1.00, 1.00),
(2274, '2013-03-07', 372, 2, 5.00, 3.00),
(2275, '2013-03-07', 30, 3, 1.00, 1.00),
(2276, '2013-03-11', 511, 2, 7.00, 3.00),
(2277, '2013-03-11', 61, 15, 4.00, 1.00),
(2278, '2013-03-13', 105, 16, 2.00, 3.00),
(2279, '2013-03-13', 200, 8, 0.80, 3.00),
(2280, '2013-03-13', 88, 2, 1.20, 3.00),
(2281, '2013-03-13', 46, 15, 3.00, 1.00),
(2282, '2013-03-13', 29, 3, 1.00, 1.00),
(2283, '2013-03-15', 57, 5, 1.00, 1.00),
(2284, '2013-03-15', 18, 50, 1.00, 3.00),
(2285, '2013-03-27', 110, 67, 1.00, 3.00),
(2286, '2013-03-27', 6, 19, 2.00, 1.00),
(2287, '2013-03-27', 30, 17, 2.00, 1.00),
(2288, '2013-03-27', 56, 3, 2.00, 1.00),
(2289, '2013-03-27', 54, 5, 2.00, 1.00),
(2290, '2013-03-27', 46, 10, 2.00, 1.00),
(2291, '2013-03-27', 47, 11, 2.00, 1.00),
(2292, '2013-04-30', -3, 2, 0.00, 0.00),
(2293, '2013-03-26', -1, 2, 0.00, 0.00),
(2294, '2013-04-29', 443, 2, 6.00, 3.00),
(2309, '2013-10-14', 56, 15, 3.20, 1.00),
(2310, '2013-10-15', 118, 8, 1.50, 3.00),
(2322, '2013-10-17', 108, 16, 2.00, 3.00),
(2312, '2013-10-15', 33, 16, 1.50, 3.00),
(2321, '2013-10-16', 2, 34, 0.00, 0.00),
(2314, '2013-10-15', 51, 16, 1.00, 3.00),
(2315, '2013-10-15', 31, 15, 2.00, 1.00),
(2316, '2013-10-16', 61, 23, 2.00, 1.00),
(2317, '2013-10-16', 90, 15, 6.00, 1.00),
(2318, '2013-10-16', 26, 9, 1.00, 1.00),
(2319, '2013-10-16', 28, 14, 1.00, 1.00),
(2320, '2013-10-16', 27, 12, 1.00, 1.00),
(2323, '2013-10-17', 23, 5, 1.00, 1.00),
(2329, '2013-09-30', -6, 52, 0.00, 0.00),
(2325, '2013-10-17', 29, 15, 2.00, 1.00),
(2330, '2013-09-30', -20, 59, 0.00, 0.00),
(2331, '2013-09-30', -35, 66, 0.00, 0.00),
(2332, '2013-09-30', -20, 54, 0.00, 0.00),
(2333, '2013-09-30', -2, 7, 0.00, 0.00),
(2334, '2013-09-30', -37, 28, 0.00, 0.00),
(2335, '2013-10-04', 295, 37, 1.00, 3.00),
(2340, '2013-09-30', -5, 8, 0.00, 0.00),
(2341, '2013-09-30', -16, 3, 0.00, 0.00),
(2342, '2013-09-30', -19, 15, 0.00, 0.00),
(2343, '2013-09-30', -3, 9, 0.00, 0.00),
(2344, '2013-09-30', -3, 14, 0.00, 0.00),
(2345, '2013-09-30', -7, 16, 0.00, 0.00),
(2346, '2013-10-24', -2, 8, 0.00, 0.00),
(2347, '2013-10-24', -1, 2, 0.00, 0.00),
(2348, '2013-10-23', 178, 2, 2.60, 3.00),
(2349, '2013-10-23', 167, 8, 0.40, 3.00),
(2350, '2013-10-23', 239, 70, 2.00, 1.00),
(2351, '2013-10-22', 82, 11, 3.00, 1.00),
(2352, '2013-10-22', 61, 14, 2.00, 1.00),
(2353, '2013-10-22', 28, 12, 1.00, 1.00),
(2354, '2013-10-22', 18, 3, 1.00, 0.67),
(2355, '2013-10-22', 76, 15, 5.00, 1.00),
(2357, '2013-10-31', 11, 3, 1.00, 0.42),
(2358, '2013-10-30', 55, 16, 1.00, 3.00),
(2359, '2013-10-30', 73, 2, 1.00, 3.00),
(2360, '2013-10-30', 88, 15, 6.00, 1.00),
(2361, '2013-10-29', 181, 15, 12.00, 1.00),
(2362, '2013-10-29', 29, 3, 1.00, 1.00),
(2363, '2013-10-25', 106, 16, 2.00, 3.00),
(2364, '2013-10-25', 586, 39, 6.00, 1.00),
(2365, '2013-11-04', 42, 16, 1.00, 2.50),
(2366, '2013-11-04', 5, 18, 0.50, 3.00),
(2367, '2013-11-04', 131, 16, 2.50, 3.00),
(2368, '2013-11-06', 49, 16, 1.00, 3.00),
(2373, '2013-11-06', 28, 3, 1.00, 1.00),
(2372, '2013-11-06', 77, 2, 1.00, 3.00),
(2371, '2013-11-06', 37, 2, 0.50, 3.00),
(2374, '2013-11-08', 77, 2, 1.00, 3.00),
(2375, '2013-11-08', 155, 16, 3.00, 3.00),
(2376, '2013-11-08', 30, 15, 2.00, 1.00),
(2377, '2013-11-08', 3, 19, 1.00, 1.00),
(2378, '2013-11-12', 102, 16, 2.00, 3.00),
(2379, '2013-11-12', 44, 15, 3.00, 1.00),
(2380, '2013-11-12', 85, 3, 3.00, 1.00),
(2383, '2013-11-15', 90, 15, 6.00, 1.00),
(2382, '2013-11-12', 29, 5, 1.00, 1.00),
(2384, '2013-11-15', 72, 23, 2.00, 1.00),
(2385, '2013-11-18', 55, 2, 1.00, 3.00),
(2386, '2013-11-18', 110, 16, 2.00, 3.00),
(2387, '2013-11-18', 59, 15, 4.00, 1.00),
(2411, '2013-12-02', 99, 16, 2.00, 3.00),
(2389, '2013-11-21', 29, 14, 1.00, 1.00),
(2390, '2013-11-21', 10, 18, 1.00, 3.00),
(2391, '2013-11-21', 44, 15, 3.00, 1.00),
(2392, '2013-11-21', 25, 9, 1.00, 1.00),
(2393, '2013-11-22', -6, 8, 0.00, 0.00),
(2394, '2013-11-22', 29, 15, 2.00, 1.00),
(2395, '2013-11-25', 162, 16, 3.00, 3.00),
(2396, '2013-11-25', 91, 15, 6.00, 1.00),
(2397, '2013-11-25', 27, 9, 1.00, 1.00),
(2409, '2013-11-21', 27, 12, 1.00, 1.00),
(2410, '2013-11-28', 5, 19, 2.00, 1.00),
(2400, '2013-11-25', -58, 8, 0.00, 0.00),
(2401, '2013-11-27', 103, 15, 7.00, 1.00),
(2402, '2013-11-27', 60, 3, 2.00, 1.00),
(2403, '2013-11-28', 99, 16, 2.00, 3.00),
(2404, '2013-11-28', 29, 14, 1.00, 1.00),
(2405, '2013-11-28', 10, 9, 0.35, 1.00),
(2412, '2013-12-04', 32, 9, 1.00, 1.00),
(2407, '2013-11-28', 4, 15, 0.25, 1.00),
(2408, '2013-11-28', -1, 15, 0.00, 0.00),
(2413, '2013-12-04', 98, 15, 6.00, 1.00),
(2414, '2013-12-02', -1, 16, 0.00, 0.00),
(2415, '2013-12-04', -1, 15, 0.00, 0.00),
(2416, '2013-12-06', 102, 16, 2.00, 3.00),
(2417, '2013-12-06', 27, 3, 1.00, 1.00),
(2418, '2013-12-06', 32, 15, 2.00, 1.00),
(2419, '2013-12-06', 54, 9, 2.00, 1.00),
(2420, '2013-12-06', 54, 11, 2.00, 1.00),
(2421, '2013-12-09', 52, 16, 1.00, 3.00),
(2422, '2013-12-09', 10, 22, 0.80, 1.00),
(2423, '2013-12-09', 4, 57, 0.20, 1.00),
(2424, '2013-12-09', 4, 21, 0.00, 0.00),
(2425, '2013-12-10', 3, 19, 1.00, 1.00),
(2426, '2013-12-10', 130, 15, 8.00, 1.00),
(2427, '2013-12-10', 39, 23, 1.00, 1.00),
(2428, '2013-12-11', 5, 18, 0.50, 3.00),
(2429, '2013-12-11', 25, 16, 0.50, 3.00),
(2430, '2013-12-11', 33, 16, 1.00, 2.00),
(2431, '2013-12-11', 59, 3, 2.00, 1.00),
(2432, '2013-12-11', 31, 5, 1.00, 1.00),
(2433, '2013-12-11', 31, 15, 2.00, 1.00),
(2434, '2013-12-13', 116, 16, 2.00, 3.00),
(2435, '2013-12-13', 43, 15, 3.00, 1.00),
(2436, '2013-12-13', 28, 3, 1.00, 1.00),
(2437, '2013-12-17', 116, 23, 3.00, 1.00),
(2444, '2013-12-19', 160, 16, 3.00, 3.00),
(2439, '2013-12-17', 52, 57, 2.00, 1.00),
(2440, '2013-12-17', 3, 21, 0.00, 0.00),
(2441, '2013-12-17', 91, 15, 6.00, 1.00),
(2442, '2013-12-17', 50, 16, 1.00, 3.00),
(2443, '2013-12-18', -2, 15, 0.00, 0.00),
(2445, '2013-12-19', 7, 19, 2.00, 1.00),
(2446, '2013-12-19', 52, 14, 1.00, 3.00),
(2447, '2013-12-19', 40, 23, 1.00, 1.00),
(2449, '2013-12-19', 110, 67, 1.00, 1.00),
(2450, '2013-12-19', 27, 15, 2.00, 1.00),
(2451, '2014-05-10', 150, 72, 0.00, 0.00);

-- --------------------------------------------------------

--
-- Estructura de tabla para la tabla `proveedor`
--

CREATE TABLE IF NOT EXISTS `proveedor` (
  `num_pro` int(3) NOT NULL,
  `raz_pro` varchar(40) NOT NULL,
  `nom_pro` varchar(40) NOT NULL,
  `rut_pro` varchar(12) NOT NULL,
  `dir_pro` varchar(40) NOT NULL,
  `dep_pro` varchar(30) NOT NULL,
  `cat_insumo` varchar(15) NOT NULL,
  `tel_pro` varchar(8) NOT NULL,
  `fax_pro` varchar(8) NOT NULL,
  `cel_pro` varchar(9) NOT NULL,
  `con_pro` varchar(25) NOT NULL,
  `mail_pro` varchar(53) NOT NULL,
  `bank_pro` varchar(35) NOT NULL,
  `del_prov` varchar(1) NOT NULL,
  PRIMARY KEY (`num_pro`)
) ENGINE=MyISAM DEFAULT CHARSET=latin1;

--
-- Volcar la base de datos para la tabla `proveedor`
--

INSERT INTO `proveedor` (`num_pro`, `raz_pro`, `nom_pro`, `rut_pro`, `dir_pro`, `dep_pro`, `cat_insumo`, `tel_pro`, `fax_pro`, `cel_pro`, `con_pro`, `mail_pro`, `bank_pro`, `del_prov`) VALUES
(1, 'MONICA MOIZO', '', '213504530016', 'Camino Melilla 10076', 'MONTEVIDEO', 'FRUTAS', '23233676', '23233676', '099643157', 'Ricardo Moizo', ' ', '', ''),
(2, 'VEKELOOK S.A.', '', '214885980010', 'Maipu 2066 ap 101', 'MONTEVIDEO', 'FLETES', '22094898', '24844290', '099665636', '', 'info@genelux.com.uy', '', ''),
(3, 'Quimica S.A.', '', '210327310014', 'Egipto 3516', 'MONTEVIDEO', 'ADITIVOS', '23111902', '23119223', '094444181', 'Merida', 'quimica@quimicasa.com.uy', 'brou cc $ suc182 cta 259', ''),
(4, 'Pando Alarmas S.R.L.', '', '110240130018', 'W.Ferreira Aldunate 887 PANDO', 'CANELONES', 'GASTOS', '22921813', '22921813', '', '', 'a@b.com.uy', 'BROU $ C.A. suc034  cta177870', ''),
(5, 'Nortesur ltda.', 'NORTESUR', '210218660014', 'Ruta 8  7407', 'MONTEVIDEO', 'ADITIVOS', '25145570', '25146521', '099664047', 'Mariela Latorre Veronica', 'ventascentral@nortesur.com.uy', 'brou ctacte $  181 1566', ''),
(6, 'Pingakol S.A.', '', '214397140013', 'Thompson 3186', 'MONTEVIDEO', 'FRUTAS', '25094310', '25094310', '099687973', 'Angelo Fagioli', 'pingakol@adinet.com.uy', '', ''),
(7, 'LYG S.A.', 'SAPORITI', '213328050010', 'Jose Serrato 2731', 'MONTEVIDEO', 'ADITIVOS', '08008726', '25097718', '094194582', 'Luis López Silvia Balao', 'ventas@lg.com.uy', '', ''),
(8, 'Costa Bella S.A.', 'Myrbox', '215014770017', 'Teniente Galeano 4611', 'MONTEVIDEO', 'ENVASES', '22163736', '22163736', '', 'Mirian o Daina', 'myrbox@myrbox.com.uy', '', ''),
(9, 'Darosi ltda.', 'Cristina Mouriño', '212017340019', 'Charrua 2424 ap 303', 'MONTEVIDEO', 'SERVICIOS', '27085250', '27085250', '094432473', 'Q.F. Cristina Mouriño', 'qfcristina@adinet.com.uy', 'brou  ca   suc 179    cta 900034', ''),
(10, 'Jose Da Fonte S.A.', 'FRIGORIFICO LA CACHIMBA', '211284550010', 'Jose Belloni 6507', 'MONTEVIDEO', 'FRUTAS', '22227352', '22227352', '099643810', 'Joaquin Da Fonte', 'jd1@adinet.com.uy', '', ''),
(11, 'Interlab s.r.l.', 'INTERLAB', '212684240013', 'Camino Antares 4203', 'MONTEVIDEO', 'LIMPIEZA', '22280185', '22280185', '', 'Emilio', 'interlab@adinet.com.uy', 'BROU cc $  suc194  nro0008734', ''),
(12, 'A.Gonzalez Noble.', '', '212404860016', 'Ruben Lena SN', 'MONTEVIDEO', 'SERVICIOS', '26225887', '26225887', '099681716', 'Gustavo Irigoyen', 'agnoble@montevideo.com.uy', 'Brou c.a. $ 177 - 0506524', ''),
(37, 'Da Costa Sixto Alvaro ', '', '214953800019', 'Maldonado 1470 ap 201', 'MONTEVIDEO', 'FLETES', '00000000', '', '099115116', '', '', '', ''),
(13, 'Cirpa S.A.', 'SEDEL FUMIGACIONES', '215160340013', 'Conrado Moller 386', 'CANELONES', 'SERVICIOS', '23623375', '23624478', '099142593', 'Gastón COBRADOR', 'sedel@sedel.com.uy', 'brou ctacte 021 002289', ''),
(14, 'Barraca Marbeat s.r.l.', '', '214250940011', 'Ruta 6 km 26.500', 'CANELONES', 'MANTENIMIENTO', '22969121', '22969121', '099642278', '', 'ABC@COM.UY', '', ''),
(15, 'Fruticola La Paciencia', 'GRANJA LOS REYES', '999999999991', 'cAMINO lOS hORNEROS 11700', 'MONTEVIDEO', 'FRUTAS', '23227024', '23227024', '099603320', '', '', '', ''),
(16, 'LURIN S.A.', 'PANO', '211457440013', 'Cadiz 3280 Mercado MOdelo', 'MONTEVIDEO', 'FRUTAS', '25060677', '25060677', '', '', 'distpano@adinet.com.uy', '', ''),
(17, 'Cramon S.A.', 'CRAMON', '211550190013', 'Dr Juan B. Morelli 3552', 'MONTEVIDEO', 'ADITIVOS', '25085401', '25073203', '', '', 'info@cramon.com.uy', '', ''),
(18, 'Abastecimientos S.A.', '', '212392450018', 'Camino Perugorria sn', 'CANELONES', 'ADITIVOS', '23648069', '23646707', '', 'Liliana', 'abastecimientos@abastecimientos.com', 'brou cc $ suc 21 cta 6560', ''),
(19, 'Arlomar S.A.', 'Casa Garrido', '211010960013', 'Angel Salvo y Fraternidad', 'MONTEVIDEO', 'ENVASES', '23052305', '23052305', '', 'Galli', 'casagarrido@casagarrido.com.uy', '', ''),
(20, 'Inter Rent s.r.l.', 'SNAPPY', '211756640014', 'Andes ', 'MONTEVIDEO', 'FLETES', '29007728', '29016588', '099660660', 'Jorge ', 'consultas@snappy.com.uy', 'Brou  CC $   suc 190   cta 0014995', ''),
(21, 'Cesteros S.A.', '', '216199350018', 'Cambay 2816', 'MONTEVIDEO', 'ADITIVOS', '25255000', '25255000', '', 'Pablo García', ' ', '', ''),
(22, 'Italba s.r.l.', '', '211434290017', 'Larravide 2530 ', 'MONTEVIDEO', 'MANTENIMIENTO', '25082618', '25081598', '', '', 'italba@italba.com.uy', '', ''),
(23, 'FRUTEC', 'GRANJA LOS REYES', '000000000000', 'Niña 1933', 'MONTEVIDEO', 'FRUTA', '23227024', '23227024', '', 'Horacio Reyes', ' ', '', ''),
(24, 'Rosa Cabrera Raul Ariel', '', '110100600011', 'Asuncion 1645', 'MONTEVIDEO', 'COMBUSTIBLES', '99999999', '99999999', '099591564', '', ' ', '', ''),
(25, 'Viamerica S.A.', 'DISTRIBUIDOR DE STRONG', '215203520018', 'Antonio Floricio Saravia 3715', 'MONTEVIDEO', 'ENVASES', '25096700', '25096700', '096148045', 'Ennio Luccidi  Hector', 'viamerica@adinet.com.uy', '', ''),
(26, 'Miguel Grasso', '', '080106560016', 'Ruta 36 km 36', 'CANELONES', 'FRUTAS', '23645929', '', '099336470', 'Miguel Grasso', '', 'brou cc $ 085 0001997', ''),
(27, 'Rivero Asociados', '', '212666370016', 'Av.8 de octubre 2355', 'MONTEVIDEO', 'SERVICIOS', '24033071', '99999999', '999999999', 'Gladys Rivero', 'a@b.com.uy', '', ''),
(28, 'Miguel Gentile', 'EXOTICOS', '212605210019', 'Santiago Sierra 3320 bis', 'MONTEVIDEO', 'FRUTAS', '22151852', '27096752', '094415815', 'Miguel Gentile', ' ', '', ''),
(29, 'Panafil S.A.', 'PANAFIL', '215368340016', 'Artigas 364', 'SALTO', 'FRUTAS', '47327801', '47327801', '099258808', 'Diego Arechavaleta', 'diegoarechavaleta@hotmail.com', '', ''),
(30, 'Heber Rambalducci', '', '999999999999', 'Ruta 1 km43.8', 'SAN JOSE', 'FRUTAS', '99999999', '99999999', '099345110', '', ' ', '', ''),
(31, 'Rodrigo Torquemada', '', '216296050015', 'Salinas', 'CANELONES', 'MANTENIMIENTO', '99999999', '', '094255555', '', '', '', ''),
(32, 'Mercado del Sur', '', '215206850019', 'Avda de las Instrucciones 5465', 'MONTEVIDEO', '', '22222094', '22277133', '999999999', '', ' ', '', ''),
(33, 'Javier C.Calcetto Beyga', '', '214824070014', 'Cno.Sosa Chaferro 3128', 'MONTEVIDEO', 'FRUTAS', '23228609', '', '095192509', 'Javier Calcetto', 'calcetto@adinet.com.uy', 'BROU  c.a. 197 - 0166600', ''),
(34, 'Aimonar S.A.', '', '214468290012', 'Cagancha 2323', 'MONTEVIDEO', 'ADITIVOS', '22010060', '22010273', '999999999', '', ' ', '', ''),
(35, 'Maria Sosa Gonzalez', 'ESCRIBANA MARY', '212757550017', 'Guayabo 1718 apto 604', 'MONTEVIDEO', 'SERVICIOS', '24094085', '24099594', '099756100', 'Esc. María Sosa Gonzalez', 'maria@sosagonzalez.com', '', ''),
(36, 'F.Pache S.A.', 'PACHE', '213260240014', 'Ruta 101 km 24.200', 'CANELONES', 'AZUCARES', '26838714', '26838714', '095573776', 'Alexis o Eduardo o Sara', 'ferpa@movinet.com.uy', 'BROU cc  suc 152   cta 33736', ''),
(38, 'TIRUS S.A.', 'TIRUS', '999999999666', 'Ruta 6 km 24', 'CANELONES', 'ENVASES', '22965073', '22965073', '', 'Juan', 'planta@tirus.com.uy', '', ''),
(39, 'ANTEL ', 'ANTEL', '211003420017', 'Guatemala 1075', 'MONTEVIDEO', 'COMUNICACIONES', '08009100', '', '', '', '', '', ''),
(40, 'UTE', 'UTE', '210778720012', 'Paraguay 2431', 'MONTEVIDEO', 'ENERGIA', '08008111', '', '', '', '', '', ''),
(41, 'Molak S.A.', 'Baldivia', '211191140013', '8 de Octubre 1543', 'MONTEVIDEO', 'ENVASES', '25074011', '', '', '', '', '', ''),
(42, 'Papeleria Aldo S.A.', 'ALDO', '210003003001', 'Convención 1178', 'MONTEVIDEO', 'ART.OFICINA', '29024000', '29022079', '', '', 'info@papeleriaaldo.com', '', ''),
(43, 'Joaquín Da Fonte', '', '43', 'Jose Belloni 6507', 'MONTEVIDEO', 'PRESTAMOS', '22225948', '', '099643810', '', '', '', ''),
(47, 'Chartis Seguros Uruguay S.A.', 'CHARTIS', '47', 'Colonia 999', 'MONTEVIDEO', 'SEGUROS', '29000330', '', '', '', '', '', ''),
(48, 'Susana Calvo', '', '48', 'Toledo', 'CANELONES', 'MANO', '22963964', '', '094527644', '', '', '', ''),
(49, 'Leticia Rios', '', '49', 'Rbla Rep.de Chile 4511Apto207', 'MONTEVIDEO', 'MANO', '26197633', '', '093993256', '', 'leticia.rios@bondulce.com', '', ''),
(50, 'Pablo Leguizamon', '', '50', 'Toledo', 'CANELONES', 'MANO', '22965207', '', '', '', '', '', ''),
(51, 'Valeria Amorin', '', '51', 'Suarez', 'CANELONES', 'MANO', '22972503', '', '096763748', '', '', '', ''),
(52, 'Alexandra Venade', '', '52', 'Ruta 6 km 26.500', 'CANELONES', 'MANO', '43902595', '', '095983857', '', '', '', ''),
(53, 'DI.NA.MA.', '', '53', 'GALICIA 1133 PISO 3', 'MONTEVIDEO', 'IMPUESTOS', '29170710', '29170710', '', '', '', '', ''),
(54, 'Raul Ferter', '', '54', 'Cerro Largo 864', 'MONTEVIDEO', 'GASTOS', '29082138', '29007357', '', '', '', '', ''),
(55, 'Elcor S.A.', 'Plasticos Sanchez', '211110880011', 'Ruta 101 km28.500', 'CANELONES', 'ENVASES', '22880885', '22880885', '', 'Sanchez   Dayana', 'info@plasticossanchez.com.uy', 'BROU  c.c $  191-0002376', ''),
(56, 'Agromaderas S.A.', 'Aserradero del Empalme', '020137700012', 'Ruta 6 km 27.500', 'CANELONES', 'COMBUSTIBLES', '22970248', '', '099260232', 'Elbio Cesar Caravallo', '', 'brou cc. $  suc062   nro0001317', ''),
(57, 'Gustavo y Marcelo Gandini', 'Supermercado Gandini', '216600960012', 'Ruta 6Km 22.200', 'CANELONES', 'ADITIVOS', '22967448', '', '', '', '', '', ''),
(58, 'Leonardo Ramos', '', '58', 'Boulevard Artigas 1982', 'MONTEVIDEO', 'VARIOS', '99999999', '', '099207493', '', '', '', ''),
(59, 'Luis Ottonello S.A.', 'ANCAP', '210324950012', 'Av. de las Instrucciones 5555', 'CANELONES', 'COMBUSTIBLES', '22222095', '', '', '', '', '', ''),
(60, 'S.A.M.U.', 'SAMU', '210123800013', 'Rbla Baltasar Brum2772', 'MONTEVIDEO', 'AZUCARES', '22033353', '22005228', '099402824', 'ClaraLuciano MariaElvira', 'ventas@samu.com.uy', '', ''),
(61, 'Alejandro Rios', '', '61', 'Pte. Berro 2575 ap 302', 'CANELONES', 'MANO', '24081672', '', '', '099668216', 'alejandro.rios@bondulce.com', '', ''),
(62, 'Inancor S.A.', 'INANCOR', '212693310010', 'Luis A.de Herrera 1248 WTC T1 of601', 'MONTEVIDEO', 'AZUCARES', '26283020', '26234455', '', 'Tamara Toledo', '', '', ''),
(63, 'I.M.C.', '', 'X', 'canelones', 'CANELONES', 'IMPUESTOS', '99999999', '', '', '', '', '', ''),
(64, 'Nelson Botta', 'P.B.COl. Wilson', '170122020011', 'Ruta 1 Km 39.500', 'SAN JOSE', 'FRUTAS', '23479528', '', '', '099668227', '', '', ''),
(65, 'Perez Bregonzi Hnos S.A.', 'Agua Mineral Sirte', '210108800016', 'Antonio Leal de Ibarra 5406', 'MONTEVIDEO', 'VARIOS', '23121440', '23120072', '', '', '', '', ''),
(66, 'Andres Maiorana', 'GRANJA MAIORANA', '020152810018', 'rUTA 6 KM 29', 'CANELONES', 'FRUTAS', '22970636', '', '099099383', '', '', '', ''),
(67, 'Cristell S.R.L.', 'Petrobras', '215498900011', 'Ruta 6 km 27.500', 'CANELONES', 'COMBUSTIBLES', '22970294', '', '', '', '', '', ''),
(68, 'Eduardo Lemus', 'Leñeria Las Palmas', '110152560010', 'Ruta 8 km 26.800', 'CANELONES', 'COMBUSTIBLES', '22882039', '', '094464119', '', '', '', ''),
(69, 'D.G.I.', '', '69', 'Fernandez Crespo', 'MONTEVIDEO', 'IMPUESTOS', '99999999', '', '', '', '', '', ''),
(70, 'Dibueno Fenocchi Rafael', 'Esso', '214705130013', '18 de Julio 2246', 'MONTEVIDEO', 'COMBUSTIBLES', '24095540', '', '', '', '', '', ''),
(71, 'Henderson y Cia', 'Tienda Inglesa', '210094030014', 'Bvar Batlle y Ordoñez', 'MONTEVIDEO', 'ART.OFICINA', '22151111', '', '', '', '', '', ''),
(72, 'Vallelife S.A.', 'Parking de la Catedral', '213259130014', 'Rincon 517', 'MONTEVIDEO', 'VARIOS', '29167196', '', '', '', '', '', ''),
(73, 'Clara Luciano', '', '73', 'A confirmar', 'MONTEVIDEO', 'COMISIONES', '26137279', '', '099402824', 'Clara Luciano', '', '', ''),
(74, 'Camaras de Industria del Uruguay', '', '74', 'Avda Italia 6101', 'MONTEVIDEO', 'IMPUESTOS', '26040464', '', '', '', '', '', ''),
(75, 'Janet Vidal', 'Granja La Esmeralda', '216012560010', 'Camino Vecinal snRuta 85km5', 'CANELONES', 'FRUTAS', '22969328', '26831048', '094395566', 'Jorge Galmes', 'a@b.com', 'BROU CC $ 087    898', ''),
(76, 'Lourdes Sello', 'Super Pechito', '020127020017', 'Ruta 6 km 27.500', 'CANELONES', 'ADITIVOS', '22971393', '', '', '', '', '', ''),
(77, 'Grupo Quimico S.R.L.', 'Dexin', '212444750017', 'Irlanda 2033', 'MONTEVIDEO', 'VARIOS', '25076058', '25070155', '', '', '', '', ''),
(78, 'Mosca Hnos', 'Mosca', '210002810018', 'Luis A. de Herrera', 'MONTEVIDEO', 'ENVASES', '24093141', '', '', '', '', '', ''),
(79, 'Corporacion Vial Del Uruguay', '', '214584350018', 'Ruta Interbalnearia km 33', 'CANELONES', 'FLETES', '99999999', '', '', '', '', '', ''),
(80, 'Betbeder y Golfarini Ltda', 'Ancap Solanas', '100093780016', 'Ruta Interbalnearia km 118', 'MALDONADO', 'COMBUSTIBLES', '42578251', '', '', '', '', '', ''),
(81, 'Quidia Ruggiero', '', '81', 'Ruta 6 km 29', 'CANELONES', 'MANO', '22970636', '', '098178988', '', '', '', ''),
(82, 'Oscar Freddy Bustamante', 'Transportes Oscar', '214588820019', 'San Quintin 4335 bis', 'MONTEVIDEO', 'FLETES', '23047648', '', '094807570', '', '', '', ''),
(83, 'Waldir Simbrelo', '', '83', 'Ruta 6 km 26.500', 'CANELONES', 'MANO', '22967608', '', '095476851', '', '', '', ''),
(84, 'Ricardo Moizo', 'Granjas R.Moizo', '080121130019', 'Cno Melilla 10076', 'MONTEVIDEO', 'FRUTAS', '23233676', '', '', '', '', '', ''),
(85, 'Conquista S.A.', 'Urupark', '210164490019', 'Rincon 474', 'MONTEVIDEO', 'FLETES', '29151103', '', '', '', '', '', ''),
(86, 'Distribuidora Sabbatini S.A.', '', '216476820013', 'Tomkinson 3556', 'MONTEVIDEO', 'IMPUESTOS', '23114282', '', '', '', '', '', ''),
(87, 'Macromercado mayorista S.A.', 'Macromercado', '211589950019', 'Dr J.Pugnalini', 'MONTEVIDEO', 'ADITIVOS', '22002022', '', '', '', '', '', ''),
(88, 'O.S E.', 'OSE', '211962820014', 'Carlos Roxlo 1275', 'MONTEVIDEO', 'VARIOS', '08001871', '', '', '', '', '', ''),
(89, 'Plike S.A.', 'Balparda Rulemanes', '213149180017', 'Rio negro 1600', 'MONTEVIDEO', 'MANTENIMIENTO', '29021249', '', '', '', '', '', ''),
(90, 'N y R Ltda', 'Servicentro  Dos mil', '211753840012', 'Avda Rivera 4106', 'MONTEVIDEO', 'COMBUSTIBLES', '26190741', '', '', '', '', '', ''),
(91, 'Allison Gabriela Borso Garcia', 'IMPRENTA ORIENTE', '216650670018', 'Blvr. Artigas 2548 Apto 001', 'MONTEVIDEO', 'ENVASES', '22093238', '22093238', '094670924', 'ANDRES', 'amancebo@adinet.com.uy', '', ''),
(92, 'El Facon S.A.', 'Estacionamiento Colonia y And.', '211480620014', 'Colonia 872', 'MONTEVIDEO', 'FLETES', '29025845', '', '', '', '', '', ''),
(93, 'A.N.D.A.', '', '213108740018', 'Arenal Grande 1570', 'MONTEVIDEO', 'MANO', '24000714', '', '', '', '', '', ''),
(94, 'Alejandro De Pons', '', '94', 'Pocitos', 'MONTEVIDEO', 'MANO', '99999999', '', '094267628', '', '', '', ''),
(95, 'Aprahamian Kelek S.A.', 'Ruben Aprahamian', '210527280011', 'Galicia 1074', 'MONTEVIDEO', 'MANTENIMIENTO', '29030030', '29030001', '', '094430971', '', '', ''),
(96, 'Bako S.A.', 'Bako', '210308300017', 'Galicia 1650', 'MONTEVIDEO', 'MANTENIMIENTO', '24016603', '24094306', '', '', '', '', ''),
(97, 'Constantinidi Marsh S.A.', '', '97', 'Colonia 993 Piso 10', 'MONTEVIDEO', 'SEGUROS', '29021135', '29021282', '', 'CRISTINA', 'cristina.rodriguez@marsh.com', '', ''),
(98, 'Banco de Seguros del Estado', '', '210465050018', 'Avda Libertador Lavalleja 1465', 'MONTEVIDEO', 'SEGUROS', '29021135', '', '', '', '', '', ''),
(99, 'Colom S.R.L.', 'Garage Guayabo', '210304280011', 'Guayabo 1733', 'MONTEVIDEO', 'FLETES', '24083576', '', '', '', '', '', ''),
(100, 'Malena Rodriguez', '', '100', 'Toledo', 'CANELONES', 'MANO', '99999999', '', '095533994', '', '', '', ''),
(101, 'Obdulio Gamarra', '', '101', 'Cno Abrevadero Ruta6 km 26.5', 'CANELONES', 'MANO', '22967965', '', '096124181', '', '', '', ''),
(102, 'Washington Duarte', 'Farmacia Osiris', '020148780010', 'Ruta 6 km 26.500 Villa San Jose', 'CANELONES', 'VARIOS', '22963563', '', 'Sandra Ja', '', '', '', ''),
(103, 'Garage Guayabo', '', '103', 'Guayabo 1730', 'MONTEVIDEO', 'FLETES', '24083576', '', '', '', '', '', ''),
(104, 'Garino Hnos', 'Abitab', '104', 'Ruta 6 km 22', 'CANELONES', 'MANO', '08003824', '', '', '', '', '', ''),
(105, 'Fedele y Sicco', '', '210311810012', 'Silvestre Perez 2634', 'MONTEVIDEO', 'ENVASES', '25089102', '', '', '', '', '', ''),
(106, 'Merelec S.A.', 'Mercado Electrico', '215316790010', 'Goes 2119', 'MONTEVIDEO', 'ENVASES', '24000133', '', '', '', '', '', ''),
(107, 'Mariela Geovanesian', '', '213449940017', 'pedro Campbell 1563', 'MONTEVIDEO', 'GASTOS', '27069652', '27075436', '094304209', '', '', '', ''),
(108, 'Oldfin S.A.', 'Ofimax', '211154080010', 'San Jose 1173', 'MONTEVIDEO', 'ART.OFICINA', '29014007', '', '', '', '', '', ''),
(109, 'Banco de Prevision Social', '', '109', '', 'MONTEVIDEO', 'IMPUESTOS', '00000000', '', '', '', '', '', ''),
(110, 'Laboratorio Tecnologico del Uruguay', 'LATU', '214110970015', 'Avda Italia 6201', 'MONTEVIDEO', 'IMPUESTOS', '26013724', '26004753', '', '', '', '', ''),
(111, 'FAMAR S.R.L.', 'FAMAR', '216559680014', 'Cufre 2628 esquina Colombes', 'MONTEVIDEO', 'FLETES', '22030108', '22041619', '', '', '', '', ''),
(112, 'Adarel S.A.', '', '112', 'Ruta 6 km 29.800', 'CANELONES', 'VARIOS', '22941827', '', '', '', '', '', ''),
(113, 'Yanet Vidal', 'Granja La Esmeralda', '216015260010', 'Camino Vecinal Ruta 85 km 5', 'CANELONES', 'FRUTAS', '22969328', '', '094395566', '094395566', '', '', ''),
(114, 'Unisport S.A.', 'Kroser', '213372940018', 'Avda Italia 5940', 'MONTEVIDEO', 'MANTENIMIENTO', '26018212', '', '', '', '', '', ''),
(115, 'Elesta S.R.L.', '', '215935620010', 'Colonia 925', 'CANELONES', 'FLETES', '99999999', '', '', '', '', '', ''),
(116, 'Hector Cardelino', '', '210202910016', 'Galicia 1418', 'MONTEVIDEO', 'MANTENIMIENTO', '24014958', '25088343', '', '', '', '', ''),
(117, 'Laboratorios UnidosS.R.L.', '', '210374800014', 'Avda 8 de octubre 3443', 'MONTEVIDEO', 'VARIOS', '25081800', '25080324', '', '', '', '', ''),
(118, 'Emilio Benzo S.A.', 'Drogueria Industrial Uruguaya', '210002600013', 'Paysandu 1024', 'MONTEVIDEO', 'ADITIVOS', '29008190', '29000609', '', '', '', '', ''),
(119, 'Seler Parrado S.A.', 'La Casa del Tornillo', '210134200012', 'Yaguaron 1600', 'MONTEVIDEO', 'PUBLICIDAD', '26022848', '29024181', '', '', '', '', ''),
(120, 'Lourdes Suarez', '', '120', 'Ruta 6 km 26.500', 'CANELONES', 'MANO', '99999999', '', '095608611', '', '', '', ''),
(121, 'Carlos Viscardi', 'VIZCARDI', '121', 'Ruta 5 km 41', 'CANELONES', 'FRUTAS', '43321249', '', '099422936', 'Carlos', '', '', ''),
(122, 'Barraca de leña Parad. de piedra', '', '5', 'Ruta 6 km 22.300', 'CANELONES', 'COMBUSTIBLES', '99999999', '', '094661897', '', '', '', ''),
(123, 'Sup.Disco del Uruguay S.A.', 'Disco', '210274130017', '20 de setiembre 1521', 'MONTEVIDEO', 'LIMPIEZA', '27087640', '', '', '', '', '', ''),
(124, 'Molimez S.R.L.', 'Industria metalurgica', '210452900018', 'Avda San martin 2187', 'MONTEVIDEO', 'MANTENIMIENTO', '29243770', '', '', '', '', '', ''),
(125, 'Tiburon S.R.L.', 'Transportes El Nazareno', '010035790013', 'Alfredo Garcia Morales', 'MONTEVIDEO', 'FLETES', '22097830', '22037451', '', '', '', '', ''),
(126, 'Netuy', 'Hosting y Dominios', '126', '', 'MONTEVIDEO', 'PUBLICIDAD', '27102048', '', '', '', '', '', ''),
(127, 'Celemir S.A.', '', '214401220012', 'Rbla Rpca del Peru 715', 'MONTEVIDEO', 'COMBUSTIBLES', '27125710', '27117626', '', '', '', '', ''),
(128, 'Mareal S.R.L.', 'Estacionamiento Colonia', '213606540010', 'Colonia 1082', 'MONTEVIDEO', 'FLETES', '29020592', '', '', '', '', '', ''),
(129, 'Megal', '', '129', 'Villa San Jose', 'MONTEVIDEO', 'COMBUSTIBLES', '99999999', '', 'Sheila', '', '', '', ''),
(130, 'Ricardo Monesiglio Marquez', 'Delta Packing', '214631700016', 'Florida 1564', 'MONTEVIDEO', 'MANTENIMIENTO', '29042154', '29012154', '', '', '', '', ''),
(131, 'Miland S.A.', '', '210742160017', 'Yaguaron 1634', 'MONTEVIDEO', 'MANTENIMIENTO', '29023272', '29023271', '', '', '', '', ''),
(132, 'Hugo Bermudez', '', '132', 'Ruta 6 km 27500', 'CANELONES', 'MANTENIMIENTO', '99999999', '', '', '', '', '', ''),
(133, 'Herracor S.A.', '', '210256520011', 'Cerro Largo 1065', 'MONTEVIDEO', 'MANTENIMIENTO', '29006636', '29006636', '', '', '', '', ''),
(134, 'Garamali Ltda', 'Lo de Enrique', '216106230017', 'Francisco Canaro 2229', 'MONTEVIDEO', 'ADITIVOS', '24036298', '', '', '', '', '', ''),
(135, 'I.M.M.', '', '135', '18 de julio y Ejido', 'MONTEVIDEO', 'IMPUESTOS', '99999999', '', '', '', '', '', ''),
(136, 'Cubiertas Industriales S.R.L.', '', '211868480019', 'Panama 1222', 'MONTEVIDEO', 'MANTENIMIENTO', '29244101', '29245327', '', '', '', '', ''),
(137, 'Genelux S.A.', 'Transporte Profesional de Carga', '137', 'a confirmar', 'MONTEVIDEO', 'FLETES', '22094898', '22094898', '096665636', 'Daniel Delgado', 'rbabio@genelux.com.uy', '', ''),
(138, 'Casa del Caucho S.R.L', 'La casa de las ruedas', '211077880011', 'Paysandu 1308', 'MONTEVIDEO', 'MANTENIMIENTO', '29025452', '29000975', '', '', '', '', ''),
(139, 'Abitab', '', '139', 'Daniel Fernandez Crespo 2155', 'MONTEVIDEO', 'FLETES', '29245825', '', '', '', '', '', ''),
(140, 'Aryes ltda.', 'ARYES', '140', 'iTUZAINGO 1274', 'MONTEVIDEO', 'ADITIVOS', '29156285', '29162794', 'Pennone', '', 'aryes@adinet.com.uy', '', ''),
(141, 'Chatarrero', '', '141', 'Ruta 33', 'CANELONES', 'MANTENIMIENTO', '99999999', '', '', '', '', '', ''),
(142, 'MATECSA', '', '210342520016', 'Alejandro Gallinal 2469', 'MONTEVIDEO', 'ART.OFICINA', '25223581', '25223597', '', '', '', '', ''),
(143, 'Rafael Alejandro de los Santos', '', '143', 'Ruta 6 km 26.500 Cno Abrevader', 'CANELONES', 'MANO', '99999999', '', '097427791', '', '', '', ''),
(145, 'Electro Mat S.R L.', '', '213297380014', 'Pablo De Maria 1483', 'MONTEVIDEO', 'ART.OFICINA', '24027496', '', '', '', '', '', ''),
(146, 'Fideicomiso PGE CIU', '', '216483450013', 'Av.Italia 6101', 'MONTEVIDEO', 'IMPUESTOS', '26040464', '', '', '', '', '', ''),
(147, 'Gustavo de Souza', '', '110369370019', 'Ruta 6 km 23100 ', 'CANELONES', 'COMBUSTIBLES', '99999999', '', '', '095101385', '', '', ''),
(148, 'Ronylend S.A', 'CARNICERIA ', '213633860012', 'instrucciones 4154', 'MONTEVIDEO', 'ADITIVOS', '22275761', '22275761', '', '', '', '', ''),
(149, 'Juan Goldfarb S.A.', 'Goldfarb', '210001700014', 'Rio Negro 1617', 'MONTEVIDEO', 'MANTENIMIENTO', '29022606', '29021269', '', '', '', '', ''),
(150, 'Escar Ltda', '', '210261560018', 'Gral Rondeau 1550', 'MONTEVIDEO', 'MANTENIMIENTO', '29084987', '29025479', '', '', '', '', ''),
(151, 'Dario Maiorana', 'Granja Maiorana', '020125960012', 'Ruta 6 km 29 SAUCE', 'CANELONES', 'FRUTAS', '22970636', '22942749', '099734171', 'Dario', 'darymar@montevideo.com.uy', '', ''),
(152, 'Humberto Vezzoso', '', '152', 'Carretera Tomas Berreta km 25500 ', 'CANELONES', 'MANO', '22969760', '', 'Humberto', '', '', '', ''),
(153, 'Diego Mecanico', 'MECANICO', '153', 'Ruta 6 km 27', 'CANELONES', 'MANTENIMIENTO', '99999999', '', 'Diego', '094261996', '', '', ''),
(154, 'Estacion Capurro S.R.L.', '', '210250110016', 'Uruguayana 3497', 'MONTEVIDEO', 'COMBUSTIBLES', '23091628', '', '', '', '', '', ''),
(155, 'Andres Mariano Lijtmaer Pennini', 'Cerrajeria Pennini', '212645450010', '20 de setiembre 1479', 'MONTEVIDEO', 'MANTENIMIENTO', '27074771', '', '', '099008255', '', '', ''),
(156, 'Dominguez Barboza Victor Hugo', 'Metalurgica y Herreria Industrial', '020116140016', 'Ruta 74 Km 30', 'CANELONES', 'MANTENIMIENTO', '22971245', '', '', '', '', '', ''),
(157, 'Tigul S.A.', 'Supermercados Nativo', '213956550015', 'Ruta 74', 'CANELONES', 'ADITIVOS', '22972362', '', '', '', '', '', ''),
(158, 'Urdanco S.A.', 'Servicentro de la Victoria', '214695730013', 'Batlle y Ordoñez', 'MONTEVIDEO', 'COMBUSTIBLES', '22168897', '22116336', '', '', '', '', ''),
(159, 'Legamar S.A.', 'Esso Servicentro Barradas', '213814230010', 'Av.Italia esquina Barradas', 'MONTEVIDEO', 'COMBUSTIBLES', '26060827', '26004374', '', '', '', '', ''),
(160, 'Keimer S.A', 'Garnie', '212491250017', 'Punta Carretas Shop ', 'MONTEVIDEO', 'PUBLICIDAD', '27117174', '', '', '', '', '', ''),
(161, 'Diomar G. Nuñez Pereira S.A.', 'NUÑEZ', '030083940016', 'Tres cruces', 'MONTEVIDEO', 'FLETES', '24097498', '', '', '', 'a@b.com.uy', '', ''),
(162, 'Odaler S.A.', 'geant', '213458920015', 'Av. Giannatasio y Av. A La Playa', 'CANELONES', 'LIMPIEZA', '26015353', '', '', '', '', '', ''),
(163, 'Manos del Uruguay', 'MANOS DEL URUGUAY', '214295570019', 'Jose Ellauri 350', 'MONTEVIDEO', 'PUBLICIDAD', '27106108', '', '', '', 'manos@netgate.com.uy', '', ''),
(164, 'Movirec S.A.', 'PETROBRAS', '214214790013', 'Avda. Italia 4776', 'MONTEVIDEO', 'COMBUSTIBLES', '26190521', '26136127', '', '', '', '', ''),
(165, 'Pontinvrea s.r.l.', 'ANCAP', '210411990012', 'Avda. Gral. Flores 3090', 'MONTEVIDEO', 'COMBUSTIBLES', '22090289', '22090289', '', '', '', '', ''),
(166, 'Daniel Carlevaro Castro', 'DCC', '214838950011', 'La Paz 2155', 'MONTEVIDEO', 'ADITIVOS', '24082574', '26827297', '099165565', 'Antonio Cairo ', 'comercial@dcc.com.uy', '', ''),
(167, 'Ferromania Ltda.', 'FERROMANIA', '214735770010', 'Av. Italia 313032', 'MONTEVIDEO', 'MANTENIMIENTO', '24809852', '24089852', '', '', '', '', ''),
(168, 'Modadol s.r.l.', 'Servicentro Barros Blancos', '214251330012', 'Ruta 8 km 24.200', 'CANELONES', 'COMBUSTIBLES', '22887915', '', '', '', '', '', ''),
(169, 'Montes de Oca Favier Javier', 'EL LUCERO BARRACA', '214010800010', 'ruta 8 km 26.100', 'CANELONES', 'MANTENIMIENTO', '22889981', '', '', '', '', '', ''),
(170, 'Julia Marco', 'GARAGE', '170', 'Acevedo Díaz 1580 ap901', 'MONTEVIDEO', 'FLETES', '11111111', '', '', '', '', '', ''),
(171, 'Corsa Auto Moda S.R.L.', 'CORSA', '212089650014', 'Cerro Largo 1009', 'MONTEVIDEO', 'MANTENIMIENTO', '29015222', '29015222', '', '', '', '', ''),
(172, 'Quinas ltda.', 'QUINAS', '210601130014', 'Chimborazo 3548', 'MONTEVIDEO', 'AZUCARES', '22113988', '22113988', '', '099628246', 'quinas@netgate.com.uy', '', ''),
(173, 'Alvaro Hernandez s.r.l.', 'TRANSPORTE DE CARGA PROFESIONAL', '215779160011', 'Habana 3130', 'MONTEVIDEO', 'FLETES', '24087515', '', '', '099278810', 'alvaro2727@hotmail.com', '', ''),
(174, 'Mimatec S.A.', 'MULTIAHORRO', '212532040011', 'Gral. Flores 4104', 'MONTEVIDEO', 'VARIOS', '22151951', '', '', '', '', '', ''),
(175, 'Cirigliano De León Gustavo A.', 'TRANSPORTES NAMIGUS', '216204160013', 'Av Acrópolis 3684', 'MONTEVIDEO', 'FLETES', '25144908', '', 'Gustavo C', '099299570', 'namigus@hotmail.com', '', ''),
(176, 'Dalozer S.A.', '', '215158280017', 'Ruta 7 km 78  Tala', 'CANELONES', 'INVERSIONES', '43154607', '', '', '099615579', '', '', ''),
(177, 'Laura Vazquez', 'FERRETERIA LAUDANI', '213856380010', '18 de Julio 2262', 'MONTEVIDEO', 'MANTENIMIENTO', '24082102', '', '', '', '', '', ''),
(178, 'Imagen Del Sur', 'Mr. Bricolage', '212501340013', 'Luis A. De Herrera 1290 L327', 'MONTEVIDEO', 'MANTENIMIENTO', '26288262', '26228044', '', '', '', '', ''),
(179, 'Taran y Cía. S.A.', 'ANCAP', '210205820018', 'Av.Roosevelt y Piedras', 'CANELONES', 'COMBUSTIBLES', '22922001', '', '', '', 'tarancap@adinet.com.uy', '', ''),
(180, 'Camino a las Sierras S.A.', 'PEAJE SOLIS', '214366730013', 'Ruta 8 km 50.500', 'CANELONES', 'FLETES', '11111111', '', '', '', '', '', ''),
(181, 'Enrique Martín Munné Carullo', '', '020106960010', 'Ruta 49 km 9.500', 'CANELONES', 'FRUTAS', '43362226', '', 'Enrtique ', '099363781', '', '', ''),
(182, 'Bantel S.A.', 'ANCAP', '210796330018', 'Camino Carrasco 4699', 'MONTEVIDEO', 'COMBUSTIBLES', '25255762', '25255762', '', '', 'bantel08@hotmail.com', '', ''),
(183, 'Jose Da Fonte S.R.L.', 'JOSE DA FONTE', '211284550017', 'José Belloni 6507', 'MONTEVIDEO', 'FRUTAS', '22227352', '22227352', '099643810', 'Joaquin Da Fonte', 'jd1@adinet.com.uy', 'brou $ cc suc085  cta1575', ''),
(184, 'PLATERO LEÑA S.R.L.', 'BARRACA PLATERO', '211741490011', 'Ruta Interbalnearia 22.800', 'CANELONES', 'COMBUSTIBLES', '26830238', '26830238', 'Nicolas P', '', 'info@platero.com.uy', '', ''),
(185, 'Becarey S.A.', 'PIONERO', '214813860019', 'Ruta Interbalnearia km 23', 'CANELONES', 'COMBUSTIBLES', '26830238', '26830238', '', '', '', '', ''),
(186, 'Soleada S.A.', 'LEE TOOLS', '213257490013', 'Cufré 2438', 'MONTEVIDEO', 'MANTENIMIENTO', '22036067', '22043201', '', '', '', '', ''),
(187, 'Maria Noel Guecaimburu', 'GYB', '212758680011', 'Mercedes 1810', 'MONTEVIDEO', 'INVERSIONES', '24098778', '', '', '099669070', 'gyb@netgate.com.uy', '', ''),
(188, 'NORIDEL S.A.', 'NORIDEL', '214173860012', 'Mercado Modelo F22 24', 'MONTEVIDEO', 'FRUTAS', '25072623', '', '', '', '', '', ''),
(189, 'Nidanco s.r.l.', 'NIDANCO', '214649130017', 'La Espiga 5111', 'MONTEVIDEO', 'FRUTAS', '22200367', '', '', '', '', '', ''),
(190, 'Ferrando Martínez Raúl Aníbal', 'GRANJA EBEN EZER', '080212830013', 'Ruta 5 sn km 30500', 'CANELONES', 'FRUTAS', '23689074', '', '', '094438286', '', '', ''),
(191, 'Marcelo Gabriel Bossi Vélez', '', '080116280016', 'Ruta 67 sn km 29', 'CANELONES', 'FRUTAS', '99999999', '', '', '', '', '', ''),
(192, 'Oscar Legris Rodriguez', 'OSCAR', '192', 'Transversal  manzana 318 522', 'CANELONES', 'MANO', '99999999', '', '094293098', 'Oscar', 'levamix@gmail.com', '', ''),
(193, 'Damars ltda.', 'FERRETERIA INDUSTRIAL', '212840340016', 'Av. Gral. Flores 3381 83', 'MONTEVIDEO', 'MANTENIMIENTO', '22093643', '22000774', '', '', '', '', ''),
(194, 'Todoflex ltda.', 'TODOFLEX', '213535880019', 'General Flores 3387', 'MONTEVIDEO', 'MANO', '22006829', '22006829', '', '', '', '', ''),
(195, 'Cyrber ltda.', '', '213118950015', 'Camino Melilla 9592', 'MONTEVIDEO', 'FRUTAS', '23228285', '23228285', '', '', '', '', ''),
(196, 'Mafer S.A.', 'MAFER IMPORTACIONES', '213240500010', 'Galicia 1252', 'MONTEVIDEO', 'MANTENIMIENTO', '29086186', '29028391', '', '', 'mafersrl@hotmail.com', '', ''),
(197, 'Salon punto y aparte ltda.', 'PUNTO Y APARTE', '215358160015', 'Acevedo Díaz 1590', 'MONTEVIDEO', 'ART.OFICINA', '24017614', '', '', '', '', '', ''),
(198, 'Caliral S.A.', 'FRIMARAL', '215365570010', 'Luis Batlle Berres 5175', 'MONTEVIDEO', 'FRUTAS', '23095343', '23050065', 'Ignacio M', '099665315', 'imorixe@frimaral.com', '', ''),
(199, 'Jose Pedro Casal y Cía.', '', '210919110010', 'Rambla Republica de Chile', 'MONTEVIDEO', 'COMBUSTIBLES', '26130376', '26130376', '', '', '', '', ''),
(200, 'Intybel ltda.', 'ANCAP', '211881600014', 'Av. Istrucciones 4196', 'MONTEVIDEO', 'COMBUSTIBLES', '22223365', '', '', '', '', '', ''),
(201, 'Mauricio Hector Bossi Velez', 'HECTOR  BOSSI', '080108660018', 'Ruta 32 sn km 30', 'CANELONES', 'FRUTAS', '99999999', '', '', '', '', '', ''),
(202, 'Heber Javier Pizzurno Baccino', 'GRANJA LA BOMBONERA', '080120910010', 'Ruta 32 km 28500', 'CANELONES', 'FRUTAS', '23689678', '', '', '', '', '', ''),
(203, 'COBOE S.A.', 'FARMASHOP', '211576970016', '20 de Setiembre', 'MONTEVIDEO', 'IMPUESTOS', '27070366', '', '', '', '', '', ''),
(204, 'EXPRESO URUGUAYO', '', '216489890015', 'Batoví 2231', 'MONTEVIDEO', 'FLETES', '29291641', '', 'IGNACIO', '', 'expresouruguayo@adinet.com.uy', '', ''),
(205, 'Luminor S.A.', 'la casa de las correas', '214405160014', 'Galicia 1324', 'MONTEVIDEO', 'MANTENIMIENTO', '29006720', '29010954', '', '', 'correas@montevideo.com.uy', '', ''),
(206, 'Bolsa de Comercio S.A.', 'Camara Nacional de Comercio', '210293660018', 'Rincon 454 2piso', 'MALDONADO', 'SERVICIOS', '29161277', '29161243', 'Rossana D', '', 'info@cncs.com.uy', '', ''),
(207, 'Beisso Quijano Francisco', 'ESSO   ', '120207380016', '18 de Julio 2246', 'MONTEVIDEO', 'COMBUSTIBLES', '24098045', '', '', '', '', '', ''),
(208, 'Rocío Martinez', 'NAZCA CARU', '110107520013', 'J.P. Varela sn', 'CANELONES', 'ART.OFICINA', '22970564', '', '', '', '', '', ''),
(209, 'Safety Room s.r.l.', 'PARKING', '216929080016', 'Rincon 729', 'MONTEVIDEO', 'FLETES', '29013581', '', '', '', '', '', ''),
(210, 'Malcar S.A.', 'ESTACION LIBERTADOR', '212234810013', 'Avda. Libertador y Paysandú', 'MONTEVIDEO', 'COMBUSTIBLES', '29001377', '', '', '', '', '', ''),
(211, 'Sonia Carluccio', 'DISTRIBUIDOR CASCADA', '216529660015', 'Alicia Goyena 1921 apto 3', 'CANELONES', 'VARIOS', '11111111', '', '', '', '', '', ''),
(212, 'Cicssa', 'CICSSA', '210354940015', 'Cno. Carrasco km 16.500', 'CANELONES', 'ENVASES', '26011212', '26011572', '', '', '', '', ''),
(213, 'SAPP S.A.', 'SAAP', '211929570012', 'Artigas sn Suarez', 'CANELONES', 'GASTOS', '22921575', '43755705', '', '', '', '', ''),
(214, 'Autoelevadores J.Ramirez', 'RAMIREZ', '211466660012', 'Cuareim 2102', 'MONTEVIDEO', 'MANTENIMIENTO', '29244101', '29245832', '', '', '', '', ''),
(215, 'Cinematico S.A.', 'SANTOS', '210406960011', 'Soriano 1344', 'MONTEVIDEO', 'MANTENIMIENTO', '29002650', '29025697', 'Santos', '', 'cinematico@adinet.com.uy', '', ''),
(216, 'Alquimia cuatro ltda.', 'ANCAP', '214652750012', 'Gral Juan Antonio Lavalleja 8760', 'MONTEVIDEO', 'COMBUSTIBLES', '22280227', '22278359', '', '', '', '', ''),
(217, 'ACCbr S.A.', 'Agencia Cenral de Cargas', '214699070018', 'Bvar. Artigas 4555', 'MONTEVIDEO', 'FLETES', '23098912', '23098912', '', '', 'accbr@adine.com.uy', '', ''),
(218, 'Barraca de leña El PORUGUES', 'barraca', '218', 'Rua 6 km 24500', 'CANELONES', 'COMBUSTIBLES', '22967554', '', '', '096894786', '', '', ''),
(219, 'Misurol S.A.', 'PETROBRAS', '211678440016', 'Rambla Baltasar Brum 2746', 'MONTEVIDEO', 'COMBUSTIBLES', '22088632', '', '', '', '', '', ''),
(311, 'Chariton S.A.', 'ANCAP  MENDOZA', '214448810010', 'Av. Pedro de Mendoza 5895', 'MONTEVIDEO', 'COMBUSTIBLES', '22224712', '', '', '', '', '', ''),
(221, 'Lesi s.r.l.', 'ESSO PIEDRAS BLANCA', '211484760015', 'Jose Belloni 4350', 'MONTEVIDEO', 'COMBUSTIBLES', '25143654', '25143654', '', '', '', '', ''),
(222, 'Roberto F. Brandi', 'AUXILIO LAS PIEDRAS', '020111090010', 'Municipio 792', 'CANELONES', 'FLETES', '99999999', '', '', '099320142', '', '', ''),
(223, 'URU ESP S.R.L.', '', '210172630010', 'Concepcion Arenal 1469', 'MONTEVIDEO', 'INVERSIONES', '22037631', '22037631', 'Roberto', '', '', '', ''),
(224, 'Verosol uruguaya ltda.', 'VEROSOL ', '211091530014', 'Avda Rivera  2298', 'MONTEVIDEO', 'MANTENIMIENTO', '24014249', '24019264', '', '', '', '', ''),
(225, 'Roberto A. Vicente', 'OPTICA PROFESIONAL', '213362130013', 'Rio Negro 1309', 'MONTEVIDEO', 'VARIOS', '29019087', '', '', '', '', '', ''),
(226, 'Jonathan Alexandre Sosa', '', '226', 'Carretera 3 N 15', 'MONTEVIDEO', 'MANO', '99999999', '', '', '096237011', '', '', ''),
(227, 'Miguel Da Fonte', 'Miguel', '227', 'Jose Belloni 4350', 'MONTEVIDEO', 'PRESTAMOS', '11111111', '', '', '', '', '', ''),
(228, 'Centro de prevención y diagnostico s.r.l', 'CEPREDI', '215226560016', 'Helvecia 4106', 'MONTEVIDEO', 'VARIOS', '22113761', '', '', '', '', '', ''),
(229, 'Obaltir s.r.l.', 'ADANO', '214468220014', 'Ruta 3 km 343.500', 'PAYSANDU', 'FRUTAS', '47202720', '', '', '', '', '', ''),
(230, 'Micanur S.A.', 'A. Pucciarelli', '215281420018', 'Miguelete 2138', 'MONTEVIDEO', 'MANTENIMIENTO', '24088288', '24088288', 'LISET', '', 'apucciarelli@adinet.com.uy', '', ''),
(231, 'Ursea', 'URSEA', '231', 'Yaguarón 1407 of811', 'MONTEVIDEO', 'IMPUESTOS', '29082221', '29008795', '', '', 'recaudacion@ursea.gub.uy', '', ''),
(232, 'Manofox S.A.', 'MANOFOX', '215294870017', 'Avda. Damaso A. Larrañaga 3506', 'MONTEVIDEO', 'ADITIVOS', '25093719', '25093719', 'Rafael', '', '', '', ''),
(233, 'Tecnomeyn', 'TECNOMEYN', '216027380016', 'Curiales 1531', 'MONTEVIDEO', 'MANTENIMIENTO', '29013715', '29013715', 'Williams ', '', 'tecnomeyn@gmail.com', '', ''),
(234, 'Syar S.A.', 'syar', '210159030013', 'Cerro Largo 920', 'MONTEVIDEO', 'MANTENIMIENTO', '29085350', '29085350', 'www.syar.', '', '', '', ''),
(235, 'lIGICARS S.A.', 'CABUDIS', '216425830011', 'Yi 1616', 'MONTEVIDEO', 'MANTENIMIENTO', '29083240', '29083240', '', '', '', '', ''),
(236, 'Luis Raúl Cuba Campo', 'CASCADA', '215556370016', 'Estero Bellaco 2925', 'MONTEVIDEO', 'VARIOS', '99999999', '', 'Leonardo', '099199420', '', '', ''),
(237, 'Jorge Luis Fraga ', '', '237', 'Bvar Artigas esq. M.Oribe', 'CANELONES', 'MANO', '99999999', '', '', '096596610', '', '', ''),
(238, 'Calinpark S.A.', 'QUESERIA DEL SUR', '215341050017', 'Bvar. Batlle y Ordoñez 3197', 'MONTEVIDEO', 'ADITIVOS', '24874034', '', 'Gonzalo o', '', 'quesur@adinet.com.uy', '', ''),
(239, 'Norberto Suarez', '', '239', 'Camino abrevadero sn', 'CANELONES', 'MANO', '99999999', '', '', '', '', '', ''),
(241, 'GLENOX S.A.', 'Fastimport ', '214612460013', 'Daniel Muñoz 2258', 'MONTEVIDEO', 'ART.OFICINA', '24028130', '24028130', '', '', '', '', ''),
(242, 'Jorge Piñas ', '', '242', 'Suarez', 'CANELONES', 'MANO', '11111111', '', '', '', '', '', ''),
(243, 'Tafibel S.A.', 'ANCAP   ruta cinco ', '215149840013', 'Ruta5 km 19.700', 'CANELONES', 'COMBUSTIBLES', '23623142', '', '', '', 'ancaplapaz@hotmail.com', '', ''),
(244, 'iNSUMOS PARA COMPUTACION S.A.', 'insumos', '214914110015', 'Soriano 800', 'MONTEVIDEO', 'ART.OFICINA', '29004497', '', '', '', '', '', ''),
(245, 'Lacuesta Fortuny José Andrés', 'FOX DESIGN ', '216990380016', 'FLORIDA 1245', 'MONTEVIDEO', 'VARIOS', '29004497', '', '', '', '', '', ''),
(246, 'FUREST', '', '246', 'Avda. Joaquín Suarez 2898203', 'MONTEVIDEO', 'FRUTAS', '22035264', '', '', '099600130', 'jpfurest@grosoluciones.com.uy', '', ''),
(247, 'Lorena Rodriguez', '', '247', 'Ruta 6 km 25 Viila Gaby Toledo', 'CANELONES', 'MANO', '22964931', '', '095669300', '', 'lorenanuk5@hotmail.com', '', ''),
(248, 'FINOSOL S.A.', 'EL GRANERO', '214061540016', 'J.Batlle y Ordoñez 3224', 'MONTEVIDEO', 'FRUTAS', '25083086', '', '', '', 'finosoluruguay@adinet.com.uy', '', ''),
(249, 'Juan Angel Pascale Figueredo', 'PASCALE', '210354840010', 'Avda. Italia y Parada 4', 'MALDONADO', 'MANTENIMIENTO', '42485755', '', '', '', 'pascalecoritnastapiceria@hotmail.co', '', ''),
(250, 'Carrocerias Cabana S.A.', 'CABANA', '110144810011', 'Ruta 8 km 32.500', 'CANELONES', 'MANTENIMIENTO', '22921181', '', '', '', '', '', ''),
(251, 'BIELA S.A.', 'BIELA', '210140110011', 'gALICIA 1268', 'MONTEVIDEO', 'MANTENIMIENTO', '29012296', '29011956', '', '', 'biela@biela.com.uy', '', ''),
(252, 'Cuadreria Cyjon S.A.', 'CUADRERIA', '213943760016', 'Avda. Gral. San Martín 2551', 'MONTEVIDEO', 'MANTENIMIENTO', '22036827', '', '', '', '', '', ''),
(253, 'ATMA S.A..', 'ATMA', '210001950010', 'D.A.Larrañaga 3500', 'MONTEVIDEO', 'ENVASES', '29024132', '29020365', '', '', 'info@atma.com.uy', '', ''),
(254, 'BANIFOX S.A.', 'Banifox', '215441590013', 'Juan Paullier 2378', 'MONTEVIDEO', 'MANTENIMIENTO', '22002610', '22098616', '', '', '', '', ''),
(255, 'PACINUR S.A.', 'JOSE MACHIN ', '216671550011', 'Camino Capitan Tula 3932', 'MONTEVIDEO', 'MANTENIMIENTO', '11111111', '', '099362060', 'Jose Machin', '', '', ''),
(256, 'DECA s.r.l.', 'deca', '212180880019', 'Av. de las instrucciones 4157', 'MONTEVIDEO', 'MANTENIMIENTO', '22222425', '22222637', '', '', '', '', ''),
(257, 'Carlos Stratta', 'CARLOS', '257', 'ruta 6 km 26500', 'CANELONES', 'MANO', '22965098', '', '093791939', '', '', '', ''),
(258, 'Loreley Ramírez Salvatierra', 'CENTRO AUTOMOVILES', '110304960016', 'Ruta 8 km 34500', 'CANELONES', 'INVERSIONES', '22921922', '22921922', '099159338', 'Marcelo Baez', '', '', ''),
(259, 'Bibiana Cabrera GESTORIA', 'GESTORA CANELONES', '110371460011', 'Gaspar sn Cap. Artigas', 'CANELONES', 'SERVICIOS', '22888460', '', '094909484', 'bibiana Cabrera', '', '', ''),
(260, 'Lumiflex S.A.', 'GLASS DEFENDER', '215152310011', 'Jose Ellauri 350 local 170', 'MONTEVIDEO', 'MANTENIMIENTO', '27126486', '', '', '', '', '', ''),
(261, 'Estacion Olimpia S.R.L.', 'ANCAP', '210121730018', 'Cesar Mayo Gutierrez 2164 ', 'MONTEVIDEO', 'COMBUSTIBLES', '23209113', '23209046', '095019226', '', 'tatocam@hotmail.com', '', ''),
(262, 'La Gaceta s.r.l.', 'SERVICENTRO LA GACETA', '212113110010', '26 de Marzo 3181 ', 'MONTEVIDEO', 'COMBUSTIBLES', '26284718', '26283567', '', '', '', '', ''),
(263, 'M.Amespil y F.Nisivoccia', 'LINK', '216580740012', 'Luis Alberto De Herrera 3096', 'MONTEVIDEO', 'MANTENIMIENTO', '24875220', '', '', '', 'linkuy@adinet.com.uy', '', ''),
(264, 'Gonzalo Ferrari', 'AUTOMECANICA  G.FERRARI', '110238960017', 'T iturria 1233', 'CANELONES', 'MANTENIMIENTO', '22927591', '', '099107559', 'Gonzalo', '', '', ''),
(265, 'BROU', '', '265', 'Corenel Peiran 1550 Sauce', 'CANELONES', 'SERVICIOS', '22940248', '22940265', '', '', '', '', ''),
(266, 'Chiesa ltda.', 'SAGALI PUNTA CARRETAS', '211853720019', 'José Ellauri 350 local 6198', 'MONTEVIDEO', 'PUBLICIDAD', '27103814', '27107719', '', '', '', '', ''),
(267, 'Rydesul S.A.', 'PANAVOX', '213068290017', 'Constitucion 1981', 'MONTEVIDEO', 'MANTENIMIENTO', '24000400', '24000400', '', '', 'info@rydesul.com', '', ''),
(268, 'Expreso ruta cinco S.A.', 'EXPRESO RUTA  CINCO', '210443000018', 'General Aguilar 1372', 'MONTEVIDEO', 'FLETES', '22034205', '22034205', '', '', 'info@expresoruta5.com.uy', '', ''),
(269, 'Mapfre la uruguaya S.A.', 'MAPFRE', '210337050015', 'jUNCAL 1385', 'MONTEVIDEO', 'SEGUROS', '29155555', '', '', '', '', '', ''),
(270, 'Nicolas De Marco y Cía. S.A.', 'de marco', '210262210010', 'Yaguarón 1828', 'MONTEVIDEO', 'MANTENIMIENTO', '29241331', '29241331', '', '', 'info@demarco.com.uy', '', ''),
(271, 'Anabel Campo Bianchi', 'CASCADA', '212990830019', 'Lorenzo Perez 3086702', 'CANELONES', 'VARIOS', '99999999', '', '099199420', '', 'a@b.com', '', ''),
(272, 'La eskina  ocho s.r.l.', 'ANCAP  CENTENARIO', '212285180017', '8 de Octubre 3181', 'MONTEVIDEO', 'COMBUSTIBLES', '24860955', '', '', '', '', '', ''),
(273, 'Serivcentro Barros Blancos', 'ESSO RUTA OCHO', '214254330012', 'Ruta 8 km 24.200', 'CANELONES', 'COMBUSTIBLES', '22887915', '', '', '', '', '', ''),
(274, 'Ana Ramirez', 'POLICARBONATOS', '212606900019', 'Colonia 1838', 'MONTEVIDEO', 'MANTENIMIENTO', '24091416', '', '', '', '', '', ''),
(275, 'Sebamel S.A.', 'SSA', '214826230019', 'Antares 4203', 'MONTEVIDEO', 'LIMPIEZA', '22221123', '22221123', '099944202', 'Emilio', 'sebamelsa@adinet.com.uy', 'BROU cc $  suc194  nro0008734', ''),
(276, 'MOVISTAR', '', '276', 'Francisco Soca', 'MONTEVIDEO', 'COMUNICACIONES', '99999999', '', '', '', '', '', ''),
(277, 'ServiTexxa II s.r.l.', 'ANCAP  FLORES', '170171630014', 'Ruta 3 km 140', 'FLORES', 'COMBUSTIBLES', '43402395', '43644639', '', '', '', '', ''),
(278, 'Oriental Para Trabajo S.A.', 'ITALBA', '216682900016', '8 de Octubre 3866', 'MONTEVIDEO', 'MANTENIMIENTO', '25082618', '', '', '', 'info@orientalparatrabajo.com.uy', '', ''),
(279, 'Hugo Domingo Moizo Benvenuto', 'DOMINGO MOIZO', '080109140018', 'Merado Model Cadiz 3280', 'MONTEVIDEO', 'FRUTAS', '25067794', '', '', '', 'info@domingomoizo.com', '', ''),
(280, 'Barbiri s.r.l.', 'M Y M', '110223140019', 'W.Ferreira Aldunate 892 PANDO', 'CANELONES', 'ENVASES', '22925191', '', '', '', '', '', ''),
(281, 'B. Fuica y R. Balverde Soc.de H', 'TERRAZAS DEL CAGANCHA', '170207420014', 'Ruta 45 km 87.500 Cno. a la viña sn', 'SAN JOSE', 'FRUTAS', '24800909', '24803080', '099910900', 'Roman Balverde', 'romanBalverde@hotmail.com', 'BROU  CC $    201     841', ''),
(282, 'A.Bonilla s.r.l.', 'ANCAP SOLIS DE MATAOJO', '090060240011', 'Eduardo Fabini sn Solis de Mataojo', 'LAVALLEJA', 'COMBUSTIBLES', '44474081', '', '', '', '', '', ''),
(283, 'Districomp S.A.', 'districomp', '212363900019', 'Magallanes 1688', 'MONTEVIDEO', 'ENVASES', '24001115', '', '', '', '', '', ''),
(284, 'Aramid S.A.', 'ARAMID', '212388710019', 'Treinta y Tres 1512 piso 1 of 1', 'MONTEVIDEO', 'ENVASES', '29155566', '29155566', '091608862', 'Benito Mass', 'info@aramid.com.uy', '', ''),
(285, 'Marne ltda.', 'ANCAP PROPIOS', '210864530013', 'Bvar. Batlle y Ordoñez 3855', 'MONTEVIDEO', 'COMBUSTIBLES', '24817704', '24816104', '', '', '', '', ''),
(286, 'Matías Ceballos', '', '286', 'XXXXXXXXXXXXXXXXXXXXXXXXXXXXX', 'CANELONES', 'MANO', '99999999', '', '', '', '', '', ''),
(287, 'Sarandi Uruguay S.A.', 'MULTIMARCAS', '214074720018', 'Uruguay 1152', 'MONTEVIDEO', 'ART.OFICINA', '29013226', '29013226', '', '', 'multimracas@multimarcas.com.uy', '', ''),
(288, 'Puerto Fortuna s.r.l.', 'PARKING Y LAVADERO AUTO ', '216487220012', '8 de Octubre 2523', 'MONTEVIDEO', 'FLETES', '24807293', '', '', '', '', '', ''),
(289, 'Elanet S.A.', 'ESSO RUTA CIENTO DOS', '214552370013', 'ruta 101  2446', 'CANELONES', 'COMBUSTIBLES', '26827840', '', '', '', '', '', ''),
(290, 'AC Y FC SRL', 'Estacionamiento Magallanes', '215914210918', 'Magallanes', 'MONTEVIDEO', 'FLETES', '11111111', '', '', '', '', '', ''),
(291, 'Ferrobel S.R.L.', 'ferrobel', '215405780010', 'Pte.Berro 2551', 'MONTEVIDEO', 'ENVASES', '24807680', '', '', '', '', '', ''),
(292, 'Matias Marsico', '', '292', 'Cno.Franco Mevir 1 nro16129', 'CANELONES', 'MANO', '22941758', '', '098448292', 'Madre', '', '', ''),
(293, 'tREBOL AZUL S.A.', 'petrobras red trebol', '211585020017', 'Avda. del Parque Roosvelt', 'CANELONES', 'COMBUSTIBLES', '26041548', '', '', '', '', '', ''),
(294, 'Dari s.r.l.', 'FERRETERIA VEINTIUNO', '213603230010', 'L.A.de Herrera 1290', 'MONTEVIDEO', 'MANTENIMIENTO', '26286235', '26229448', '', '', '', '', ''),
(295, 'GreenFrozen S.A.', 'calagua', '212381710013', 'Bvar. Batlle y Ordoñez 3269', 'MONTEVIDEO', 'FRUTAS', '23153310', '', '091710852', 'Ricardo Costa  ', 'ventas@calagua.com.uy', 'brou cc $  suc188  cta3377', ''),
(296, 'Miguel Angel Marchelil', 'BAROMETRICA RUTA OCHO', '110107300013', 'Ruta 8 km 24 y ruta 74', 'CANELONES', 'SERVICIOS', '22885550', '', '099206810', 'Miguel', '', '', ''),
(297, 'Marcos Santiafo Montes', 'Marcos', '297', 'Camino de las tropas TOLEDO', 'CANELONES', 'MANO', '99999999', '', '096750030', '', '', '', ''),
(298, 'Cerrafer ltda.', 'Pintureria Arocena', '212078340019', 'Av.Arocena 1656 esq. Schroeder', 'MONTEVIDEO', 'MANTENIMIENTO', '26043942', '26005707', '', '', 'ventas@ferreteriaarocena.com.uy', '', ''),
(299, 'Solsire S.A.', 'TORRE VIEJA', '210684670011', 'Gral. Flores 4441', 'MONTEVIDEO', 'MANTENIMIENTO', '22160220', '22151478', '', '', 'ventas@saltorrevieja.com', '', ''),
(300, 'Equipamiento Laser s.r.l.', 'EQUIPAMIENTO LASER', '212364450017', 'Av. D. Fernandez Crespo 1819', 'MONTEVIDEO', 'ART.OFICINA', '24095809', '', '', '', 'eqlaser@adinet.com.uy', '', ''),
(301, 'Soldo hnos. S.A.', 'SOLDO', '210342060015', 'Yapeyu 460', 'MONTEVIDEO', 'FRUTAS', '23090022', '', '', '', 'soldo@soldo.com.uy', 'brou cc pesos suc185 cta 99764', ''),
(302, 'Vicente Mazzarielo', '', '302', 'Ruta 102', 'CANELONES', 'FRUTAS', '23229367', '', '094162134', 'Vicente', '', '', ''),
(303, 'Lidemol S.A.', 'IMPRENTA ORIENTE', '215411820010', 'Gral. EnriqueMartinez 2183', 'MONTEVIDEO', 'ENVASES', '99999999', '', '', 'Andrés', '', '', ''),
(304, 'Navia SRL', 'PETROBRAS', '212561960018', '8 de Octubre 2950', 'MONTEVIDEO', 'COMBUSTIBLES', '24800412', '24814083', '', '', '', '', ''),
(305, 'A.Bertolotti S.A.', '', '215092230017', 'W.Ferreira Aldunate 841', 'CANELONES', 'MANTENIMIENTO', '22922036', '', '', '', '', '', ''),
(306, 'Ana Maria Dellacasa', 'GRANJA CYRO DE LEON', '080194410011', 'Camino Melilla 9592', 'CANELONES', 'FRUTAS', '23228285', '', '', '', '', '', ''),
(307, 'Teknery S.A.', 'Gladys Rivero', '217035590014', 'Avda. 8 de Octubre 2355', 'MONTEVIDEO', 'MANO', '24084356', '24084356', '', '', '', '', ''),
(308, 'Nicolas Garabedian', 'MG MOTOR SERVICE', '216955060019', 'Av. José Bellini 3515', 'MONTEVIDEO', 'MANTENIMIENTO', '99999999', '', '095166661', '', '', '', ''),
(309, 'Nety S.A.', 'PETROBRAS', '210721610013', 'Gral. Pagola 2240', 'MONTEVIDEO', 'COMBUSTIBLES', '24097441', '', '', '', '', '', ''),
(310, 'Sonibel S.A.', 'SANTUCCI', '215070200018', 'Av. Italia 4328 esq Santana', 'MONTEVIDEO', 'INVERSIONES', '26193752', '', '', '', 'info@santucci.com.uy', '', ''),
(312, 'Mauro Griotti', 'TASADOR INMOBILIARIO', '312', 'MONTEVIDEO', 'MONTEVIDEO', 'SERVICIOS', '43133905', '', '', '', 'magriotti@gmail.com', '', ''),
(313, 'Rosado', 'RECOLETOR DE BASURA', '313', 'Toledo', 'CANELONES', 'MANTENIMIENTO', '22222222', '', '', '', '', '', ''),
(314, 'Juan Carrasco', 'RECOLECTOR CHATARRA', '314', 'tOLEDO', 'CANELONES', 'SERVICIOS', '99999999', '', '', '', '', '', ''),
(315, 'Ruedas El Gaucho s.r.l.', 'EL GAUCHO', '211171940014', 'Gral. Flores 3057', 'MONTEVIDEO', 'MANTENIMIENTO', '22093274', '22008224', '', '', '', '', ''),
(316, 'Color veintiuno s.r.l.', 'cOLOR SHOP', '215952730015', 'Avda. Italia 3845', 'MONTEVIDEO', 'MANTENIMIENTO', '25081626', '', '', '', 'colorshop@gmail.com', '', ''),
(317, 'Matildde Piñeyro', 'FERRETERIA JAMER', '110132280012', 'Jose Pedro Varela SUAREZ ', 'CANELONES', 'MANTENIMIENTO', '22970495', '', '', '', '', '', ''),
(318, 'Mobiler S.A.', 'servicentro Santa Paula', '213816910019', 'Avda. Garibaldi 2454', 'MONTEVIDEO', 'COMBUSTIBLES', '24809522', '', '', '', '', '', ''),
(324, 'Encomiendas del Litoral ltda', 'DAC', '211995450011', 'rONDEAU 1475', 'MONTEVIDEO', 'FLETES', '17170000', '', '', '', 'ifodac@dac.com.uy', '', ''),
(320, 'Horacio', 'Jardinero', '320', '', 'CANELONES', 'MANTENIMIENTO', '22967085', '', '094831321', 'Horacio', '', '', ''),
(321, 'María Fernanda Olivara', 'ELASTICOS FyA', '080191640016', 'Luis A. de Herrera 735 bis', 'CANELONES', 'MANTENIMIENTO', '23625480', '', '094250066', '', '', '', ''),
(322, 'EL PAIS  EL GALLITO LUIS', '', '343433334334', 'Plaza Cagancha', 'MONTEVIDEO', 'PUBLICIDAD', '99999999', '', '', '', '', '', ''),
(323, 'Any Karina Bagdassarian', 'ABOGADA', '215065200013', 'Avda.Millan 2860', 'MONTEVIDEO', 'SERVICIOS', '29163504', '', '095626454', 'Any', '', '', ''),
(325, 'Mercado Libre', 'Mercado Libre', '777777777777', 'z', 'MONTEVIDEO', 'COMISIONES', '99999999', '', '', '', '', '', ''),
(326, 'Trisab S.A.', 'ESSO ', '212984610010', '8 de Octubre 4155', 'MONTEVIDEO', 'COMBUSTIBLES', '25089555', '', '', '', '', '', ''),
(327, 'Danotil S.A.', 'Team Rent A Car', '215545200017', 'Martín C. Martinez 2023', 'MONTEVIDEO', 'FLETES', '24099191', '', '', '', 'info@teamrentacar.com.uy', '', ''),
(328, 'Estación La Curva', 'ESSO', '210969000014', '8 Octubre', 'MONTEVIDEO', 'COMBUSTIBLES', '25136712', '', '', '', '', '', ''),
(329, 'Dandal S.R.L.', 'Ancap Shopping', '214601750015', 'L.A.Herrera 1356', 'MONTEVIDEO', 'COMBUSTIBLES', '26285868', '', '', '', '', '', ''),
(330, 'Estacion Gran Prix s.r.l.', 'ANCAP GALLINAL', '211237760019', 'Avda. Italia 5057', 'MONTEVIDEO', 'COMBUSTIBLES', '26316168', '', '', '', '', '', ''),
(331, 'AIG', 'AIG SEGUROS', '213348670014', 'Colonia 999', 'MONTEVIDEO', 'SEGUROS', '29000330', '29084552', '', 'Constantini DiMarsh', '', '', ''),
(332, 'La Petrolera s.r.l.', 'ANCAP', '216754490016', 'aVDA. iTALIA 2625', 'MONTEVIDEO', 'COMBUSTIBLES', '24814244', '24815856', '', '', '', '', ''),
(333, 'Barraca Central Ltda.', 'BARRACA CENTRAL', '210249130017', 'Emilio Raña 3185', 'MONTEVIDEO', 'MANTENIMIENTO', '25069999', '25069999', '', '', 'ventas@barracacentral.com.uy', '', '');

-- --------------------------------------------------------

--
-- Estructura de tabla para la tabla `recibo`
--

CREATE TABLE IF NOT EXISTS `recibo` (
  `id_recibo` int(6) NOT NULL,
  `num_recibo` varchar(6) NOT NULL,
  `fec_recibo` date NOT NULL,
  `num_cli` int(4) NOT NULL,
  `tot_recibo` decimal(11,2) NOT NULL,
  `mem_recibo` varchar(250) NOT NULL,
  `nul_recibo` varchar(1) NOT NULL,
  PRIMARY KEY (`id_recibo`)
) ENGINE=MyISAM DEFAULT CHARSET=latin1;

--
-- Volcar la base de datos para la tabla `recibo`
--


-- --------------------------------------------------------

--
-- Estructura de tabla para la tabla `rubro`
--

CREATE TABLE IF NOT EXISTS `rubro` (
  `id_rubro` int(2) NOT NULL,
  `des_rubro` varchar(25) NOT NULL,
  `est_rubro` varchar(13) NOT NULL,
  PRIMARY KEY (`id_rubro`)
) ENGINE=MyISAM DEFAULT CHARSET=latin1;

--
-- Volcar la base de datos para la tabla `rubro`
--

INSERT INTO `rubro` (`id_rubro`, `des_rubro`, `est_rubro`) VALUES
(1, 'ADITIVOS', 'HABILITADO'),
(2, 'ENVASES', 'HABILITADO'),
(3, 'AZUCARES', 'HABILITADO'),
(4, 'FRUTAS', 'HABILITADO'),
(5, 'SERVICIOS', 'HABILITADO'),
(6, 'COMBUSTIBLES', 'HABILITADO'),
(7, 'FLETES', 'HABILITADO'),
(8, 'MAQUINARIA', 'HABILITADO'),
(9, 'LIMPIEZA', 'HABILITADO'),
(10, 'MANTENIMIENTO', 'HABILITADO'),
(11, 'COMUNICACIONES', 'HABILITADO'),
(12, 'ENERGIA', 'HABILITADO'),
(13, 'COMISIONES', 'HABILITADO'),
(14, 'SEGUROS', 'HABILITADO'),
(15, 'PRESTAMOS', 'HABILITADO'),
(16, 'PUBLICIDAD', 'HABILITADO'),
(17, 'MANO DE OBRA', 'HABILITADO'),
(18, 'IMPUESTOS', 'HABILITADO'),
(19, 'ART.OFICINA', 'HABILITADO'),
(20, 'VARIOS', 'HABILITADO'),
(21, 'GASTOS FIJOS', 'HABILITADO'),
(22, 'INVERSIONES', 'HABILITADO');

-- --------------------------------------------------------

--
-- Estructura de tabla para la tabla `stock`
--

CREATE TABLE IF NOT EXISTS `stock` (
  `id_stock` int(10) NOT NULL AUTO_INCREMENT,
  `id_insumo` int(6) NOT NULL,
  `cant_stock` double(9,3) NOT NULL,
  `fec_stock` date NOT NULL,
  `tip_stock` varchar(1) NOT NULL,
  `num_pro` int(3) NOT NULL,
  `num_prod` int(11) NOT NULL,
  PRIMARY KEY (`id_stock`)
) ENGINE=MyISAM DEFAULT CHARSET=latin1 AUTO_INCREMENT=1 ;

--
-- Volcar la base de datos para la tabla `stock`
--


-- --------------------------------------------------------

--
-- Estructura de tabla para la tabla `sucursal`
--

CREATE TABLE IF NOT EXISTS `sucursal` (
  `sucursal_id` int(4) NOT NULL AUTO_INCREMENT,
  `nom_suc` varchar(40) NOT NULL,
  `num_cli` int(4) NOT NULL,
  `dir_suc` varchar(40) NOT NULL,
  `dep_suc` varchar(15) NOT NULL,
  `tel_suc` varchar(8) NOT NULL,
  `ent_suc` varchar(40) NOT NULL,
  `cont_suc` varchar(20) NOT NULL,
  PRIMARY KEY (`sucursal_id`)
) ENGINE=MyISAM  DEFAULT CHARSET=latin1 AUTO_INCREMENT=27 ;

--
-- Volcar la base de datos para la tabla `sucursal`
--

INSERT INTO `sucursal` (`sucursal_id`, `nom_suc`, `num_cli`, `dir_suc`, `dep_suc`, `tel_suc`, `ent_suc`, `cont_suc`) VALUES
(26, 'Herrera', 0, 'San JUsto 1234', 'COLONIA', '44444444', 'de Tarde', ''),
(25, 'Aguada', 0, 'Jose Peña 1234', 'CANELONES', '22222222', 'De Mañana', 'Pepe');

-- --------------------------------------------------------

--
-- Estructura de tabla para la tabla `tasaiva`
--

CREATE TABLE IF NOT EXISTS `tasaiva` (
  `id_iva` int(1) NOT NULL,
  `tip_iva` varchar(10) CHARACTER SET latin1 COLLATE latin1_spanish_ci NOT NULL,
  `val_iva` decimal(4,2) NOT NULL,
  `ver_iva` varchar(7) CHARACTER SET latin1 COLLATE latin1_spanish_ci NOT NULL,
  PRIMARY KEY (`id_iva`)
) ENGINE=MyISAM DEFAULT CHARSET=latin1;

--
-- Volcar la base de datos para la tabla `tasaiva`
--

INSERT INTO `tasaiva` (`id_iva`, `tip_iva`, `val_iva`, `ver_iva`) VALUES
(1, 'EXENTO', 0.00, '0,00 %'),
(2, 'MINIMO', 10.00, '10,00 %'),
(3, 'BASICO', 22.00, '22,00 %');

-- --------------------------------------------------------

--
-- Estructura de tabla para la tabla `user`
--

CREATE TABLE IF NOT EXISTS `user` (
  `cod_user` int(6) NOT NULL AUTO_INCREMENT,
  `nom_user` varchar(20) NOT NULL,
  `apellido_user` varchar(20) NOT NULL,
  `direc_user` varchar(35) NOT NULL,
  `fono_user` varchar(12) NOT NULL,
  `email_user` varchar(45) NOT NULL,
  `city_user` varchar(30) NOT NULL,
  `fnac_user` date NOT NULL,
  `pass_user` varchar(8) NOT NULL,
  `perfil_user` varchar(1) NOT NULL,
  PRIMARY KEY (`cod_user`)
) ENGINE=MyISAM  DEFAULT CHARSET=latin1 AUTO_INCREMENT=111202 ;

--
-- Volcar la base de datos para la tabla `user`
--

INSERT INTO `user` (`cod_user`, `nom_user`, `apellido_user`, `direc_user`, `fono_user`, `email_user`, `city_user`, `fnac_user`, `pass_user`, `perfil_user`) VALUES
(111194, 'Alejandro', 'Rios', '', '24081672', 'alejandro.rios@bondulce.com', 'MONTEVIDEO', '0000-00-00', 'orly1804', 'A'),
(111198, 'Mariela', 'Geovanesian', 'Pedro Cambell', '27069652', 'cra.mg@adinet.com.uy', 'MONTEVIDEO', '1964-07-01', '111111', 'P');
